date_time,maxtempC,mintempC,totalSnow_cm,sunHour,uvIndex,moon_illumination,moonrise,moonset,sunrise,sunset,DewPointC,FeelsLikeC,HeatIndexC,WindChillC,WindGustKmph,cloudcover,humidity,precipMM,pressure,tempC,visibility,winddirDegree,windspeedKmph,location
2023-03-08 00:00:00,34,23,0.0,11.6,7,88,07:03 PM,06:44 AM,05:57 AM,05:55 PM,20,27,27,25,24,11,75,0.0,1013,25,10,100,19,Managua
2023-03-08 01:00:00,34,23,0.0,11.6,7,88,07:03 PM,06:44 AM,05:57 AM,05:55 PM,20,26,26,24,23,19,76,0.0,1013,24,10,101,17,Managua
2023-03-08 02:00:00,34,23,0.0,11.6,7,88,07:03 PM,06:44 AM,05:57 AM,05:55 PM,20,26,26,24,21,16,77,0.0,1012,24,10,95,16,Managua
2023-03-08 03:00:00,34,23,0.0,11.6,7,88,07:03 PM,06:44 AM,05:57 AM,05:55 PM,20,25,25,24,17,13,79,0.0,1012,24,10,90,13,Managua
2023-03-08 04:00:00,34,23,0.0,11.6,7,88,07:03 PM,06:44 AM,05:57 AM,05:55 PM,20,25,25,23,16,18,79,0.0,1012,23,10,88,12,Managua
2023-03-08 05:00:00,34,23,0.0,11.6,7,88,07:03 PM,06:44 AM,05:57 AM,05:55 PM,20,25,25,23,18,9,81,0.0,1013,23,10,93,13,Managua
2023-03-08 06:00:00,34,23,0.0,11.6,7,88,07:03 PM,06:44 AM,05:57 AM,05:55 PM,20,25,25,23,17,18,83,0.0,1014,23,10,90,13,Managua
2023-03-08 07:00:00,34,23,0.0,11.6,7,88,07:03 PM,06:44 AM,05:57 AM,05:55 PM,20,26,26,24,16,12,78,0.0,1014,24,10,84,14,Managua
2023-03-08 08:00:00,34,23,0.0,11.6,7,88,07:03 PM,06:44 AM,05:57 AM,05:55 PM,19,27,27,26,19,15,67,0.0,1014,26,10,77,17,Managua
2023-03-08 09:00:00,34,23,0.0,11.6,7,88,07:03 PM,06:44 AM,05:57 AM,05:55 PM,19,29,29,28,22,16,58,0.0,1015,28,10,80,19,Managua
2023-03-08 10:00:00,34,23,0.0,11.6,7,88,07:03 PM,06:44 AM,05:57 AM,05:55 PM,18,31,31,29,23,14,51,0.0,1014,29,10,82,20,Managua
2023-03-08 11:00:00,34,23,0.0,11.6,7,88,07:03 PM,06:44 AM,05:57 AM,05:55 PM,19,34,34,32,22,31,45,0.0,1013,32,10,84,19,Managua
2023-03-08 12:00:00,34,23,0.0,11.6,7,88,07:03 PM,06:44 AM,05:57 AM,05:55 PM,18,35,35,33,20,29,41,0.0,1012,33,10,90,17,Managua
2023-03-08 13:00:00,34,23,0.0,11.6,7,88,07:03 PM,06:44 AM,05:57 AM,05:55 PM,18,36,36,34,21,26,38,0.0,1011,34,10,101,18,Managua
2023-03-08 14:00:00,34,23,0.0,11.6,7,88,07:03 PM,06:44 AM,05:57 AM,05:55 PM,18,36,36,34,26,24,39,0.0,1010,34,10,101,22,Managua
2023-03-08 15:00:00,34,23,0.0,11.6,7,88,07:03 PM,06:44 AM,05:57 AM,05:55 PM,18,35,35,34,27,24,39,0.0,1009,34,10,100,24,Managua
2023-03-08 16:00:00,34,23,0.0,11.6,7,88,07:03 PM,06:44 AM,05:57 AM,05:55 PM,18,34,34,33,27,23,42,0.0,1009,33,10,106,24,Managua
2023-03-08 17:00:00,34,23,0.0,11.6,7,88,07:03 PM,06:44 AM,05:57 AM,05:55 PM,19,32,32,31,24,20,49,0.0,1010,31,10,113,21,Managua
2023-03-08 18:00:00,34,23,0.0,11.6,7,88,07:03 PM,06:44 AM,05:57 AM,05:55 PM,19,30,30,28,23,30,58,0.0,1011,28,10,115,18,Managua
2023-03-08 19:00:00,34,23,0.0,11.6,7,88,07:03 PM,06:44 AM,05:57 AM,05:55 PM,20,29,29,28,25,37,62,0.0,1012,28,10,108,19,Managua
2023-03-08 20:00:00,34,23,0.0,11.6,7,88,07:03 PM,06:44 AM,05:57 AM,05:55 PM,20,29,29,27,26,27,64,0.0,1013,27,10,93,20,Managua
2023-03-08 21:00:00,34,23,0.0,11.6,7,88,07:03 PM,06:44 AM,05:57 AM,05:55 PM,20,28,28,26,21,20,68,0.0,1014,26,10,95,16,Managua
2023-03-08 22:00:00,34,23,0.0,11.6,7,88,07:03 PM,06:44 AM,05:57 AM,05:55 PM,20,27,27,26,21,15,69,0.0,1014,26,10,97,16,Managua
2023-03-08 23:00:00,34,23,0.0,11.6,7,88,07:03 PM,06:44 AM,05:57 AM,05:55 PM,20,27,27,25,19,15,71,0.0,1014,25,10,92,15,Managua
2023-03-09 00:00:00,34,22,0.0,11.6,7,81,07:50 PM,07:21 AM,05:56 AM,05:55 PM,19,26,26,25,18,16,73,0.0,1014,25,10,87,13,Managua
2023-03-09 01:00:00,34,22,0.0,11.6,7,81,07:50 PM,07:21 AM,05:56 AM,05:55 PM,19,26,26,24,19,19,74,0.0,1013,24,10,82,14,Managua
2023-03-09 02:00:00,34,22,0.0,11.6,7,81,07:50 PM,07:21 AM,05:56 AM,05:55 PM,19,25,25,23,18,24,77,0.0,1013,23,10,80,13,Managua
2023-03-09 03:00:00,34,22,0.0,11.6,7,81,07:50 PM,07:21 AM,05:56 AM,05:55 PM,19,25,25,23,15,26,79,0.0,1012,23,10,85,11,Managua
2023-03-09 04:00:00,34,22,0.0,11.6,7,81,07:50 PM,07:21 AM,05:56 AM,05:55 PM,19,25,25,23,15,24,81,0.0,1012,23,10,92,10,Managua
2023-03-09 05:00:00,34,22,0.0,11.6,7,81,07:50 PM,07:21 AM,05:56 AM,05:55 PM,19,25,25,23,15,27,82,0.0,1013,23,10,98,11,Managua
2023-03-09 06:00:00,34,22,0.0,11.6,7,81,07:50 PM,07:21 AM,05:56 AM,05:55 PM,19,25,25,22,18,29,83,0.0,1013,22,10,97,13,Managua
2023-03-09 07:00:00,34,22,0.0,11.6,7,81,07:50 PM,07:21 AM,05:56 AM,05:55 PM,19,25,25,23,15,20,78,0.0,1014,23,10,96,13,Managua
2023-03-09 08:00:00,34,22,0.0,11.6,7,81,07:50 PM,07:21 AM,05:56 AM,05:55 PM,19,27,27,25,17,15,69,0.0,1014,25,10,86,15,Managua
2023-03-09 09:00:00,34,22,0.0,11.6,7,81,07:50 PM,07:21 AM,05:56 AM,05:55 PM,18,28,28,27,19,14,60,0.0,1015,27,10,78,17,Managua
2023-03-09 10:00:00,34,22,0.0,11.6,7,81,07:50 PM,07:21 AM,05:56 AM,05:55 PM,18,30,30,29,19,15,53,0.0,1014,29,10,88,16,Managua
2023-03-09 11:00:00,34,22,0.0,11.6,7,81,07:50 PM,07:21 AM,05:56 AM,05:55 PM,19,33,33,32,20,20,46,0.0,1013,32,10,96,18,Managua
2023-03-09 12:00:00,34,22,0.0,11.6,7,81,07:50 PM,07:21 AM,05:56 AM,05:55 PM,18,34,34,33,21,23,42,0.0,1012,33,10,98,18,Managua
2023-03-09 13:00:00,34,22,0.0,11.6,7,81,07:50 PM,07:21 AM,05:56 AM,05:55 PM,18,35,35,34,21,29,39,0.0,1010,34,10,106,18,Managua
2023-03-09 14:00:00,34,22,0.0,11.6,7,81,07:50 PM,07:21 AM,05:56 AM,05:55 PM,18,36,36,34,23,21,37,0.0,1009,34,10,113,20,Managua
2023-03-09 15:00:00,34,22,0.0,11.6,7,81,07:50 PM,07:21 AM,05:56 AM,05:55 PM,17,35,35,34,25,17,38,0.0,1008,34,10,114,22,Managua
2023-03-09 16:00:00,34,22,0.0,11.6,7,81,07:50 PM,07:21 AM,05:56 AM,05:55 PM,17,34,34,33,26,16,40,0.0,1008,33,10,116,22,Managua
2023-03-09 17:00:00,34,22,0.0,11.6,7,81,07:50 PM,07:21 AM,05:56 AM,05:55 PM,18,33,33,31,24,17,45,0.0,1009,31,10,119,21,Managua
2023-03-09 18:00:00,34,22,0.0,11.6,7,81,07:50 PM,07:21 AM,05:56 AM,05:55 PM,18,29,29,27,27,24,58,0.0,1011,27,10,133,18,Managua
2023-03-09 19:00:00,34,22,0.0,11.6,7,81,07:50 PM,07:21 AM,05:56 AM,05:55 PM,19,29,29,27,23,26,62,0.0,1012,27,10,119,17,Managua
2023-03-09 20:00:00,34,22,0.0,11.6,7,81,07:50 PM,07:21 AM,05:56 AM,05:55 PM,20,29,29,27,21,38,65,0.0,1013,27,10,108,16,Managua
2023-03-09 21:00:00,34,22,0.0,11.6,7,81,07:50 PM,07:21 AM,05:56 AM,05:55 PM,20,28,28,26,22,25,67,0.0,1014,26,10,108,17,Managua
2023-03-09 22:00:00,34,22,0.0,11.6,7,81,07:50 PM,07:21 AM,05:56 AM,05:55 PM,20,27,27,26,23,43,70,0.0,1014,26,10,112,18,Managua
2023-03-09 23:00:00,34,22,0.0,11.6,7,81,07:50 PM,07:21 AM,05:56 AM,05:55 PM,20,27,27,25,21,41,72,0.0,1014,25,10,108,17,Managua
2023-03-10 00:00:00,37,22,0.0,11.6,7,74,08:39 PM,07:58 AM,05:56 AM,05:55 PM,19,26,26,24,21,23,73,0.0,1014,24,10,100,16,Managua
2023-03-10 01:00:00,37,22,0.0,11.6,7,74,08:39 PM,07:58 AM,05:56 AM,05:55 PM,19,25,25,24,19,19,75,0.0,1013,24,10,94,14,Managua
2023-03-10 02:00:00,37,22,0.0,11.6,7,74,08:39 PM,07:58 AM,05:56 AM,05:55 PM,19,25,25,23,17,14,77,0.0,1012,23,10,94,12,Managua
2023-03-10 03:00:00,37,22,0.0,11.6,7,74,08:39 PM,07:58 AM,05:56 AM,05:55 PM,19,25,25,23,17,12,80,0.0,1012,23,10,93,12,Managua
2023-03-10 04:00:00,37,22,0.0,11.6,7,74,08:39 PM,07:58 AM,05:56 AM,05:55 PM,19,25,25,22,17,13,82,0.0,1012,22,10,91,12,Managua
2023-03-10 05:00:00,37,22,0.0,11.6,7,74,08:39 PM,07:58 AM,05:56 AM,05:55 PM,19,25,25,22,16,15,84,0.0,1013,22,10,89,11,Managua
2023-03-10 06:00:00,37,22,0.0,11.6,7,74,08:39 PM,07:58 AM,05:56 AM,05:55 PM,19,25,25,22,17,7,85,0.0,1013,22,10,88,12,Managua
2023-03-10 07:00:00,37,22,0.0,11.6,7,74,08:39 PM,07:58 AM,05:56 AM,05:55 PM,19,25,25,23,16,18,77,0.0,1014,23,10,91,14,Managua
2023-03-10 08:00:00,37,22,0.0,11.6,7,74,08:39 PM,07:58 AM,05:56 AM,05:55 PM,18,27,27,26,22,13,65,0.0,1015,26,10,88,19,Managua
2023-03-10 09:00:00,37,22,0.0,11.6,7,74,08:39 PM,07:58 AM,05:56 AM,05:55 PM,17,29,29,28,23,9,54,0.0,1015,28,10,86,20,Managua
2023-03-10 10:00:00,37,22,0.0,11.6,7,74,08:39 PM,07:58 AM,05:56 AM,05:55 PM,17,30,30,30,23,9,46,0.0,1014,30,10,91,20,Managua
2023-03-10 11:00:00,37,22,0.0,11.6,7,74,08:39 PM,07:58 AM,05:56 AM,05:55 PM,19,37,37,34,22,12,42,0.0,1013,34,10,95,19,Managua
2023-03-10 12:00:00,37,22,0.0,11.6,7,74,08:39 PM,07:58 AM,05:56 AM,05:55 PM,17,35,35,34,22,21,38,0.0,1012,34,10,101,19,Managua
2023-03-10 13:00:00,37,22,0.0,11.6,7,74,08:39 PM,07:58 AM,05:56 AM,05:55 PM,17,36,36,35,22,17,35,0.0,1010,35,10,107,19,Managua
2023-03-10 14:00:00,37,22,0.0,11.6,7,74,08:39 PM,07:58 AM,05:56 AM,05:55 PM,18,40,40,37,24,12,32,0.0,1009,37,10,110,21,Managua
2023-03-10 15:00:00,37,22,0.0,11.6,7,74,08:39 PM,07:58 AM,05:56 AM,05:55 PM,16,35,35,35,25,24,32,0.0,1008,35,10,111,22,Managua
2023-03-10 16:00:00,37,22,0.0,11.6,7,74,08:39 PM,07:58 AM,05:56 AM,05:55 PM,16,35,35,34,25,20,34,0.0,1008,34,10,115,22,Managua
2023-03-10 17:00:00,37,22,0.0,11.6,7,74,08:39 PM,07:58 AM,05:56 AM,05:55 PM,17,33,33,32,24,31,40,0.0,1008,32,10,127,21,Managua
2023-03-10 18:00:00,37,22,0.0,11.6,7,74,08:39 PM,07:58 AM,05:56 AM,05:55 PM,19,31,31,29,23,31,53,0.0,1010,29,10,130,17,Managua
2023-03-10 19:00:00,37,22,0.0,11.6,7,74,08:39 PM,07:58 AM,05:56 AM,05:55 PM,19,30,30,28,21,19,59,0.0,1011,28,10,112,16,Managua
2023-03-10 20:00:00,37,22,0.0,11.6,7,74,08:39 PM,07:58 AM,05:56 AM,05:55 PM,19,29,29,27,24,19,62,0.0,1012,27,10,101,18,Managua
2023-03-10 21:00:00,37,22,0.0,11.6,7,74,08:39 PM,07:58 AM,05:56 AM,05:55 PM,20,28,28,27,23,18,66,0.0,1013,27,10,107,18,Managua
2023-03-10 22:00:00,37,22,0.0,11.6,7,74,08:39 PM,07:58 AM,05:56 AM,05:55 PM,19,28,28,26,21,16,67,0.0,1013,26,10,113,16,Managua
2023-03-10 23:00:00,37,22,0.0,11.6,7,74,08:39 PM,07:58 AM,05:56 AM,05:55 PM,19,27,27,25,17,18,70,0.0,1013,25,10,114,13,Managua
2023-03-11 00:00:00,35,23,0.0,11.6,7,66,09:31 PM,08:37 AM,05:55 AM,05:56 PM,19,27,27,25,18,22,71,0.0,1013,25,10,107,15,Managua
2023-03-11 01:00:00,35,23,0.0,11.6,7,66,09:31 PM,08:37 AM,05:55 AM,05:56 PM,19,27,27,25,18,19,72,0.0,1012,25,10,102,15,Managua
2023-03-11 02:00:00,35,23,0.0,11.6,7,66,09:31 PM,08:37 AM,05:55 AM,05:56 PM,19,26,26,25,18,20,72,0.0,1012,25,10,99,14,Managua
2023-03-11 03:00:00,35,23,0.0,11.6,7,66,09:31 PM,08:37 AM,05:55 AM,05:56 PM,19,26,26,24,17,21,73,0.0,1011,24,10,95,13,Managua
2023-03-11 04:00:00,35,23,0.0,11.6,7,66,09:31 PM,08:37 AM,05:55 AM,05:56 PM,19,26,26,24,15,22,75,0.0,1012,24,10,97,12,Managua
2023-03-11 05:00:00,35,23,0.0,11.6,7,66,09:31 PM,08:37 AM,05:55 AM,05:56 PM,19,25,25,23,14,23,75,0.0,1012,23,10,102,10,Managua
2023-03-11 06:00:00,35,23,0.0,11.6,7,66,09:31 PM,08:37 AM,05:55 AM,05:56 PM,19,25,25,23,13,22,75,0.0,1013,23,10,104,10,Managua
2023-03-11 07:00:00,35,23,0.0,11.6,7,66,09:31 PM,08:37 AM,05:55 AM,05:56 PM,18,26,26,24,12,21,69,0.0,1013,24,10,103,10,Managua
2023-03-11 08:00:00,35,23,0.0,11.6,7,66,09:31 PM,08:37 AM,05:55 AM,05:56 PM,18,27,27,26,17,19,60,0.0,1014,26,10,95,14,Managua
2023-03-11 09:00:00,35,23,0.0,11.6,7,66,09:31 PM,08:37 AM,05:55 AM,05:56 PM,17,29,29,28,20,14,52,0.0,1014,28,10,94,17,Managua
2023-03-11 10:00:00,35,23,0.0,11.6,7,66,09:31 PM,08:37 AM,05:55 AM,05:56 PM,17,30,30,30,18,14,46,0.0,1013,30,10,103,16,Managua
2023-03-11 11:00:00,35,23,0.0,11.6,7,66,09:31 PM,08:37 AM,05:55 AM,05:56 PM,18,34,34,33,16,15,42,0.0,1012,33,10,109,14,Managua
2023-03-11 12:00:00,35,23,0.0,11.6,7,66,09:31 PM,08:37 AM,05:55 AM,05:56 PM,17,35,35,34,14,19,38,0.0,1011,34,10,120,12,Managua
2023-03-11 13:00:00,35,23,0.0,11.6,7,66,09:31 PM,08:37 AM,05:55 AM,05:56 PM,17,36,36,34,15,18,36,0.0,1009,34,10,132,13,Managua
2023-03-11 14:00:00,35,23,0.0,11.6,7,66,09:31 PM,08:37 AM,05:55 AM,05:56 PM,17,36,36,35,16,20,35,0.0,1008,35,10,136,14,Managua
2023-03-11 15:00:00,35,23,0.0,11.6,7,66,09:31 PM,08:37 AM,05:55 AM,05:56 PM,17,35,35,34,16,25,35,0.0,1007,34,10,129,14,Managua
2023-03-11 16:00:00,35,23,0.0,11.6,7,66,09:31 PM,08:37 AM,05:55 AM,05:56 PM,17,34,34,33,17,46,37,0.0,1008,33,10,117,15,Managua
2023-03-11 17:00:00,35,23,0.0,11.6,7,66,09:31 PM,08:37 AM,05:55 AM,05:56 PM,17,33,33,32,12,74,41,0.0,1008,32,10,111,10,Managua
2023-03-11 18:00:00,35,23,0.0,11.6,7,66,09:31 PM,08:37 AM,05:55 AM,05:56 PM,18,31,31,29,4,80,50,0.0,1009,29,10,86,3,Managua
2023-03-11 19:00:00,35,23,0.0,11.6,7,66,09:31 PM,08:37 AM,05:55 AM,05:56 PM,18,30,30,29,2,44,53,0.0,1010,29,10,49,1,Managua
2023-03-11 20:00:00,35,23,0.0,11.6,7,66,09:31 PM,08:37 AM,05:55 AM,05:56 PM,18,29,29,28,1,25,54,0.0,1011,28,10,54,1,Managua
2023-03-11 21:00:00,35,23,0.0,11.6,7,66,09:31 PM,08:37 AM,05:55 AM,05:56 PM,18,29,29,28,5,27,57,0.0,1012,28,10,102,3,Managua
2023-03-11 22:00:00,35,23,0.0,11.6,7,66,09:31 PM,08:37 AM,05:55 AM,05:56 PM,18,28,28,27,13,42,61,0.0,1012,27,10,119,9,Managua
2023-03-11 23:00:00,35,23,0.0,11.6,7,66,09:31 PM,08:37 AM,05:55 AM,05:56 PM,19,27,27,26,14,30,65,0.0,1012,26,10,127,11,Managua
2023-03-12 00:00:00,36,23,0.0,11.6,7,59,10:25 PM,09:20 AM,05:54 AM,05:56 PM,19,27,27,25,20,26,68,0.0,1012,25,10,137,15,Managua
2023-03-12 01:00:00,36,23,0.0,11.6,7,59,10:25 PM,09:20 AM,05:54 AM,05:56 PM,19,26,26,24,19,23,70,0.0,1012,24,10,132,14,Managua
2023-03-12 02:00:00,36,23,0.0,11.6,7,59,10:25 PM,09:20 AM,05:54 AM,05:56 PM,18,26,26,24,18,19,71,0.0,1011,24,10,127,13,Managua
2023-03-12 03:00:00,36,23,0.0,11.6,7,59,10:25 PM,09:20 AM,05:54 AM,05:56 PM,18,25,25,24,15,18,72,0.0,1011,24,10,122,10,Managua
2023-03-12 04:00:00,36,23,0.0,11.6,7,59,10:25 PM,09:20 AM,05:54 AM,05:56 PM,18,25,25,23,14,20,72,0.0,1012,23,10,119,9,Managua
2023-03-12 05:00:00,36,23,0.0,11.6,7,59,10:25 PM,09:20 AM,05:54 AM,05:56 PM,18,25,25,23,12,19,73,0.0,1012,23,10,108,8,Managua
2023-03-12 06:00:00,36,23,0.0,11.6,7,59,10:25 PM,09:20 AM,05:54 AM,05:56 PM,18,25,25,23,11,20,74,0.0,1013,23,10,111,8,Managua
2023-03-12 07:00:00,36,23,0.0,11.6,7,59,10:25 PM,09:20 AM,05:54 AM,05:56 PM,18,26,26,24,9,19,68,0.0,1013,24,10,98,8,Managua
2023-03-12 08:00:00,36,23,0.0,11.6,7,59,10:25 PM,09:20 AM,05:54 AM,05:56 PM,18,28,28,26,10,19,59,0.0,1014,26,10,84,9,Managua
2023-03-12 09:00:00,36,23,0.0,11.6,7,59,10:25 PM,09:20 AM,05:54 AM,05:56 PM,17,29,29,28,12,20,51,0.0,1014,28,10,87,10,Managua
2023-03-12 10:00:00,36,23,0.0,11.6,7,59,10:25 PM,09:20 AM,05:54 AM,05:56 PM,17,31,31,30,13,17,45,0.0,1014,30,10,97,11,Managua
2023-03-12 11:00:00,36,23,0.0,11.6,7,59,10:25 PM,09:20 AM,05:54 AM,05:56 PM,17,34,34,33,11,24,41,0.0,1013,33,10,118,10,Managua
2023-03-12 12:00:00,36,23,0.0,11.6,7,59,10:25 PM,09:20 AM,05:54 AM,05:56 PM,17,35,35,33,13,22,38,0.0,1012,33,10,132,11,Managua
2023-03-12 13:00:00,36,23,0.0,11.6,7,59,10:25 PM,09:20 AM,05:54 AM,05:56 PM,17,35,35,34,14,18,37,0.0,1010,34,10,136,13,Managua
2023-03-12 14:00:00,36,23,0.0,11.6,7,59,10:25 PM,09:20 AM,05:54 AM,05:56 PM,19,39,39,36,13,14,36,0.0,1009,36,10,135,12,Managua
2023-03-12 15:00:00,36,23,0.0,11.6,7,59,10:25 PM,09:20 AM,05:54 AM,05:56 PM,19,39,39,36,11,14,36,0.0,1008,36,10,128,9,Managua
2023-03-12 16:00:00,36,23,0.0,11.6,7,59,10:25 PM,09:20 AM,05:54 AM,05:56 PM,19,38,38,35,9,15,37,0.0,1008,35,10,117,8,Managua
2023-03-12 17:00:00,36,23,0.0,11.6,7,59,10:25 PM,09:20 AM,05:54 AM,05:56 PM,18,33,33,32,8,16,42,0.0,1009,32,10,127,6,Managua
2023-03-12 18:00:00,36,23,0.0,11.6,7,59,10:25 PM,09:20 AM,05:54 AM,05:56 PM,18,30,30,29,7,22,51,0.0,1010,29,10,144,5,Managua
2023-03-12 19:00:00,36,23,0.0,11.6,7,59,10:25 PM,09:20 AM,05:54 AM,05:56 PM,18,29,29,28,8,30,56,0.0,1011,28,10,136,5,Managua
2023-03-12 20:00:00,36,23,0.0,11.6,7,59,10:25 PM,09:20 AM,05:54 AM,05:56 PM,19,29,29,27,6,45,60,0.0,1012,27,10,128,5,Managua
2023-03-12 21:00:00,36,23,0.0,11.6,7,59,10:25 PM,09:20 AM,05:54 AM,05:56 PM,20,29,29,27,8,81,64,0.1,1013,27,10,137,6,Managua
2023-03-12 22:00:00,36,23,0.0,11.6,7,59,10:25 PM,09:20 AM,05:54 AM,05:56 PM,21,29,29,27,10,49,69,0.0,1013,27,10,141,8,Managua
2023-03-12 23:00:00,36,23,0.0,11.6,7,59,10:25 PM,09:20 AM,05:54 AM,05:56 PM,21,28,28,26,12,64,74,0.1,1013,26,10,144,9,Managua
2023-03-13 00:00:00,32,24,0.0,11.6,7,52,11:25 PM,10:08 AM,05:54 AM,05:56 PM,21,27,27,25,15,32,77,0.0,1013,25,10,139,11,Managua
2023-03-13 01:00:00,32,24,0.0,11.6,7,52,11:25 PM,10:08 AM,05:54 AM,05:56 PM,21,27,27,25,15,44,80,0.0,1013,25,10,137,12,Managua
2023-03-13 02:00:00,32,24,0.0,11.6,7,52,11:25 PM,10:08 AM,05:54 AM,05:56 PM,21,27,27,25,15,36,82,0.0,1012,25,10,129,11,Managua
2023-03-13 03:00:00,32,24,0.0,11.6,7,52,11:25 PM,10:08 AM,05:54 AM,05:56 PM,21,26,26,24,12,74,81,0.1,1012,24,10,125,9,Managua
2023-03-13 04:00:00,32,24,0.0,11.6,7,52,11:25 PM,10:08 AM,05:54 AM,05:56 PM,21,26,26,24,12,32,81,0.0,1012,24,10,126,9,Managua
2023-03-13 05:00:00,32,24,0.0,11.6,7,52,11:25 PM,10:08 AM,05:54 AM,05:56 PM,21,26,26,24,11,21,80,0.0,1013,24,10,124,9,Managua
2023-03-13 06:00:00,32,24,0.0,11.6,7,52,11:25 PM,10:08 AM,05:54 AM,05:56 PM,21,26,26,25,9,15,79,0.0,1013,25,10,117,7,Managua
2023-03-13 07:00:00,32,24,0.0,11.6,7,52,11:25 PM,10:08 AM,05:54 AM,05:56 PM,21,27,27,25,9,31,77,0.0,1014,25,10,115,7,Managua
2023-03-13 08:00:00,32,24,0.0,11.6,7,52,11:25 PM,10:08 AM,05:54 AM,05:56 PM,20,27,27,25,9,22,74,0.0,1014,25,10,115,8,Managua
2023-03-13 09:00:00,32,24,0.0,11.6,7,52,11:25 PM,10:08 AM,05:54 AM,05:56 PM,19,28,28,26,10,20,67,0.0,1015,26,10,114,9,Managua
2023-03-13 10:00:00,32,24,0.0,11.6,7,52,11:25 PM,10:08 AM,05:54 AM,05:56 PM,19,30,30,28,11,19,58,0.0,1014,28,10,101,10,Managua
2023-03-13 11:00:00,32,24,0.0,11.6,7,52,11:25 PM,10:08 AM,05:54 AM,05:56 PM,20,34,34,32,10,21,50,0.0,1014,32,10,88,9,Managua
2023-03-13 12:00:00,32,24,0.0,11.6,7,52,11:25 PM,10:08 AM,05:54 AM,05:56 PM,20,35,35,32,7,24,48,0.0,1013,32,10,91,6,Managua
2023-03-13 13:00:00,32,24,0.0,11.6,7,52,11:25 PM,10:08 AM,05:54 AM,05:56 PM,19,34,34,32,4,24,47,0.0,1011,32,10,150,3,Managua
2023-03-13 14:00:00,32,24,0.0,11.6,7,52,11:25 PM,10:08 AM,05:54 AM,05:56 PM,19,35,35,32,6,19,45,0.0,1010,32,10,179,5,Managua
2023-03-13 15:00:00,32,24,0.0,11.6,7,52,11:25 PM,10:08 AM,05:54 AM,05:56 PM,19,34,34,32,5,28,45,0.0,1009,32,10,160,4,Managua
2023-03-13 16:00:00,32,24,0.0,11.6,7,52,11:25 PM,10:08 AM,05:54 AM,05:56 PM,19,33,33,32,4,23,46,0.0,1009,32,10,117,4,Managua
2023-03-13 17:00:00,32,24,0.0,11.6,7,52,11:25 PM,10:08 AM,05:54 AM,05:56 PM,19,32,32,31,5,29,50,0.0,1010,31,10,118,5,Managua
2023-03-13 18:00:00,32,24,0.0,11.6,7,52,11:25 PM,10:08 AM,05:54 AM,05:56 PM,19,30,30,29,5,74,56,0.1,1010,29,10,128,4,Managua
2023-03-13 19:00:00,32,24,0.0,11.6,7,52,11:25 PM,10:08 AM,05:54 AM,05:56 PM,19,29,29,28,7,32,60,0.0,1011,28,10,121,5,Managua
2023-03-13 20:00:00,32,24,0.0,11.6,7,52,11:25 PM,10:08 AM,05:54 AM,05:56 PM,20,29,29,27,9,37,62,0.0,1012,27,10,122,6,Managua
2023-03-13 21:00:00,32,24,0.0,11.6,7,52,11:25 PM,10:08 AM,05:54 AM,05:56 PM,20,29,29,27,6,38,65,0.0,1013,27,10,116,4,Managua
2023-03-13 22:00:00,32,24,0.0,11.6,7,52,11:25 PM,10:08 AM,05:54 AM,05:56 PM,21,29,29,27,8,52,70,0.0,1013,27,10,126,5,Managua
2023-03-13 23:00:00,32,24,0.0,11.6,7,52,11:25 PM,10:08 AM,05:54 AM,05:56 PM,21,28,28,26,9,26,74,0.0,1013,26,10,129,6,Managua
2023-03-14 00:00:00,33,24,0.0,8.8,6,45,No moonrise,11:02 AM,05:53 AM,05:56 PM,22,27,27,25,1,87,85,1.6,1013,25,9,357,1,Managua
2023-03-14 01:00:00,33,24,0.0,8.8,6,45,No moonrise,11:02 AM,05:53 AM,05:56 PM,22,27,27,24,6,34,86,0.0,1013,24,10,356,4,Managua
2023-03-14 02:00:00,33,24,0.0,8.8,6,45,No moonrise,11:02 AM,05:53 AM,05:56 PM,22,26,26,24,5,57,87,0.0,1012,24,10,27,4,Managua
2023-03-14 03:00:00,33,24,0.0,8.8,6,45,No moonrise,11:02 AM,05:53 AM,05:56 PM,22,26,26,24,4,58,87,0.0,1012,24,10,40,3,Managua
2023-03-14 04:00:00,33,24,0.0,8.8,6,45,No moonrise,11:02 AM,05:53 AM,05:56 PM,22,26,26,24,3,48,88,0.0,1012,24,10,28,2,Managua
2023-03-14 05:00:00,33,24,0.0,8.8,6,45,No moonrise,11:02 AM,05:53 AM,05:56 PM,22,26,26,24,1,41,88,0.0,1013,24,10,104,1,Managua
2023-03-14 06:00:00,33,24,0.0,8.8,6,45,No moonrise,11:02 AM,05:53 AM,05:56 PM,22,26,26,24,5,40,89,0.0,1013,24,10,117,3,Managua
2023-03-14 07:00:00,33,24,0.0,8.8,6,45,No moonrise,11:02 AM,05:53 AM,05:56 PM,22,27,27,25,3,37,83,0.0,1014,25,10,111,3,Managua
2023-03-14 08:00:00,33,24,0.0,8.8,6,45,No moonrise,11:02 AM,05:53 AM,05:56 PM,22,29,29,27,6,28,74,0.0,1014,27,10,100,5,Managua
2023-03-14 09:00:00,33,24,0.0,8.8,6,45,No moonrise,11:02 AM,05:53 AM,05:56 PM,21,31,31,28,8,40,65,0.0,1015,28,10,97,7,Managua
2023-03-14 10:00:00,33,24,0.0,8.8,6,45,No moonrise,11:02 AM,05:53 AM,05:56 PM,21,32,32,30,9,35,59,0.0,1014,30,10,98,8,Managua
2023-03-14 11:00:00,33,24,0.0,8.8,6,45,No moonrise,11:02 AM,05:53 AM,05:56 PM,21,35,35,32,9,83,55,0.1,1013,32,10,109,7,Managua
2023-03-14 12:00:00,33,24,0.0,8.8,6,45,No moonrise,11:02 AM,05:53 AM,05:56 PM,21,36,36,33,9,79,51,0.3,1012,33,9,132,7,Managua
2023-03-14 13:00:00,33,24,0.0,8.8,6,45,No moonrise,11:02 AM,05:53 AM,05:56 PM,21,36,36,33,8,58,50,0.9,1011,33,10,167,6,Managua
2023-03-14 14:00:00,33,24,0.0,8.8,6,45,No moonrise,11:02 AM,05:53 AM,05:56 PM,21,36,36,32,8,79,51,0.4,1010,32,9,183,6,Managua
2023-03-14 15:00:00,33,24,0.0,8.8,6,45,No moonrise,11:02 AM,05:53 AM,05:56 PM,21,35,35,32,6,82,53,2.0,1010,32,10,172,4,Managua
2023-03-14 16:00:00,33,24,0.0,8.8,6,45,No moonrise,11:02 AM,05:53 AM,05:56 PM,21,34,34,31,5,88,58,0.3,1010,31,9,170,4,Managua
2023-03-14 17:00:00,33,24,0.0,8.8,6,45,No moonrise,11:02 AM,05:53 AM,05:56 PM,21,32,32,29,6,51,62,0.5,1010,29,10,150,4,Managua
2023-03-14 18:00:00,33,24,0.0,8.8,6,45,No moonrise,11:02 AM,05:53 AM,05:56 PM,22,31,31,28,6,85,68,1.7,1010,28,10,125,4,Managua
2023-03-14 19:00:00,33,24,0.0,8.8,6,45,No moonrise,11:02 AM,05:53 AM,05:56 PM,22,29,29,27,6,70,73,0.1,1012,27,10,120,4,Managua
2023-03-14 20:00:00,33,24,0.0,8.8,6,45,No moonrise,11:02 AM,05:53 AM,05:56 PM,22,29,29,26,5,74,76,0.1,1013,26,10,107,4,Managua
2023-03-14 21:00:00,33,24,0.0,8.8,6,45,No moonrise,11:02 AM,05:53 AM,05:56 PM,22,29,29,26,4,83,77,0.3,1013,26,9,62,3,Managua
2023-03-14 22:00:00,33,24,0.0,8.8,6,45,No moonrise,11:02 AM,05:53 AM,05:56 PM,22,29,29,26,3,67,78,0.1,1014,26,10,41,2,Managua
2023-03-14 23:00:00,33,24,0.0,8.8,6,45,No moonrise,11:02 AM,05:53 AM,05:56 PM,22,28,28,26,4,82,79,0.1,1014,26,10,77,3,Managua
2023-03-15 00:00:00,33,24,0.0,8.8,6,37,12:26 AM,12:02 PM,05:53 AM,05:56 PM,22,27,27,25,3,78,85,1.9,1014,25,10,23,2,Managua
2023-03-15 01:00:00,33,24,0.0,8.8,6,37,12:26 AM,12:02 PM,05:53 AM,05:56 PM,22,27,27,24,2,61,86,0.5,1013,24,10,67,1,Managua
2023-03-15 02:00:00,33,24,0.0,8.8,6,37,12:26 AM,12:02 PM,05:53 AM,05:56 PM,22,26,26,24,3,77,87,0.6,1013,24,10,91,2,Managua
2023-03-15 03:00:00,33,24,0.0,8.8,6,37,12:26 AM,12:02 PM,05:53 AM,05:56 PM,22,26,26,24,5,83,90,3.2,1013,24,7,69,3,Managua
2023-03-15 04:00:00,33,24,0.0,8.8,6,37,12:26 AM,12:02 PM,05:53 AM,05:56 PM,22,26,26,24,4,75,90,0.9,1013,24,10,95,2,Managua
2023-03-15 05:00:00,33,24,0.0,8.8,6,37,12:26 AM,12:02 PM,05:53 AM,05:56 PM,22,26,26,24,3,75,90,0.8,1013,24,10,132,2,Managua
2023-03-15 06:00:00,33,24,0.0,8.8,6,37,12:26 AM,12:02 PM,05:53 AM,05:56 PM,22,26,26,24,4,71,90,3.4,1013,24,7,108,3,Managua
2023-03-15 07:00:00,33,24,0.0,8.8,6,37,12:26 AM,12:02 PM,05:53 AM,05:56 PM,22,27,27,25,5,39,84,0.0,1014,25,10,86,4,Managua
2023-03-15 08:00:00,33,24,0.0,8.8,6,37,12:26 AM,12:02 PM,05:53 AM,05:56 PM,22,29,29,27,8,31,76,0.0,1014,27,10,86,6,Managua
2023-03-15 09:00:00,33,24,0.0,8.8,6,37,12:26 AM,12:02 PM,05:53 AM,05:56 PM,21,31,31,28,9,27,67,0.0,1015,28,10,89,8,Managua
2023-03-15 10:00:00,33,24,0.0,8.8,6,37,12:26 AM,12:02 PM,05:53 AM,05:56 PM,21,32,32,30,11,32,58,0.0,1015,30,10,95,9,Managua
2023-03-15 11:00:00,33,24,0.0,8.8,6,37,12:26 AM,12:02 PM,05:53 AM,05:56 PM,21,35,35,32,10,40,52,0.0,1014,32,10,104,9,Managua
2023-03-15 12:00:00,33,24,0.0,8.8,6,37,12:26 AM,12:02 PM,05:53 AM,05:56 PM,21,36,36,33,11,27,49,0.0,1012,33,10,118,10,Managua
2023-03-15 13:00:00,33,24,0.0,8.8,6,37,12:26 AM,12:02 PM,05:53 AM,05:56 PM,21,36,36,33,13,61,48,0.1,1011,33,10,117,11,Managua
2023-03-15 14:00:00,33,24,0.0,8.8,6,37,12:26 AM,12:02 PM,05:53 AM,05:56 PM,20,36,36,32,14,57,49,0.1,1010,32,10,104,12,Managua
2023-03-15 15:00:00,33,24,0.0,8.8,6,37,12:26 AM,12:02 PM,05:53 AM,05:56 PM,21,35,35,32,11,75,52,0.5,1010,32,9,87,9,Managua
2023-03-15 16:00:00,33,24,0.0,8.8,6,37,12:26 AM,12:02 PM,05:53 AM,05:56 PM,21,35,35,32,8,88,53,0.2,1009,32,9,73,6,Managua
2023-03-15 17:00:00,33,24,0.0,8.8,6,37,12:26 AM,12:02 PM,05:53 AM,05:56 PM,21,34,34,31,5,85,55,0.2,1010,31,9,83,4,Managua
2023-03-15 18:00:00,33,24,0.0,8.8,6,37,12:26 AM,12:02 PM,05:53 AM,05:56 PM,21,32,32,29,8,50,62,1.0,1010,29,10,126,5,Managua
2023-03-15 19:00:00,33,24,0.0,8.8,6,37,12:26 AM,12:02 PM,05:53 AM,05:56 PM,21,30,30,28,10,85,67,0.1,1011,28,10,130,6,Managua
2023-03-15 20:00:00,33,24,0.0,8.8,6,37,12:26 AM,12:02 PM,05:53 AM,05:56 PM,21,30,30,27,8,51,70,0.1,1012,27,10,134,5,Managua
2023-03-15 21:00:00,33,24,0.0,8.8,6,37,12:26 AM,12:02 PM,05:53 AM,05:56 PM,21,29,29,26,12,68,74,0.8,1013,26,10,118,7,Managua
2023-03-15 22:00:00,33,24,0.0,8.8,6,37,12:26 AM,12:02 PM,05:53 AM,05:56 PM,22,28,28,26,12,79,78,0.4,1013,26,9,127,8,Managua
2023-03-15 23:00:00,33,24,0.0,8.8,6,37,12:26 AM,12:02 PM,05:53 AM,05:56 PM,22,28,28,25,11,64,82,0.6,1013,25,10,118,7,Managua
2023-03-16 00:00:00,34,24,0.0,11.6,6,30,01:29 AM,01:05 PM,05:52 AM,05:56 PM,22,28,28,25,12,83,79,0.5,1013,25,9,113,9,Managua
2023-03-16 01:00:00,34,24,0.0,11.6,6,30,01:29 AM,01:05 PM,05:52 AM,05:56 PM,21,27,27,25,14,89,81,0.1,1013,25,10,105,10,Managua
2023-03-16 02:00:00,34,24,0.0,11.6,6,30,01:29 AM,01:05 PM,05:52 AM,05:56 PM,21,27,27,25,14,84,82,0.1,1012,25,10,101,10,Managua
2023-03-16 03:00:00,34,24,0.0,11.6,6,30,01:29 AM,01:05 PM,05:52 AM,05:56 PM,21,26,26,24,14,74,84,0.2,1012,24,9,97,10,Managua
2023-03-16 04:00:00,34,24,0.0,11.6,6,30,01:29 AM,01:05 PM,05:52 AM,05:56 PM,21,26,26,24,15,19,85,0.0,1012,24,10,102,11,Managua
2023-03-16 05:00:00,34,24,0.0,11.6,6,30,01:29 AM,01:05 PM,05:52 AM,05:56 PM,21,26,26,24,15,55,86,0.0,1013,24,10,102,11,Managua
2023-03-16 06:00:00,34,24,0.0,11.6,6,30,01:29 AM,01:05 PM,05:52 AM,05:56 PM,21,26,26,24,15,21,87,0.0,1013,24,10,105,11,Managua
2023-03-16 07:00:00,34,24,0.0,11.6,6,30,01:29 AM,01:05 PM,05:52 AM,05:56 PM,21,27,27,25,15,46,80,0.0,1014,25,10,104,13,Managua
2023-03-16 08:00:00,34,24,0.0,11.6,6,30,01:29 AM,01:05 PM,05:52 AM,05:56 PM,21,28,28,27,20,49,70,0.0,1015,27,10,96,18,Managua
2023-03-16 09:00:00,34,24,0.0,11.6,6,30,01:29 AM,01:05 PM,05:52 AM,05:56 PM,20,30,30,28,22,20,61,0.0,1015,28,10,92,19,Managua
2023-03-16 10:00:00,34,24,0.0,11.6,6,30,01:29 AM,01:05 PM,05:52 AM,05:56 PM,20,32,32,30,22,17,54,0.0,1015,30,10,90,19,Managua
2023-03-16 11:00:00,34,24,0.0,11.6,6,30,01:29 AM,01:05 PM,05:52 AM,05:56 PM,20,35,35,32,21,29,49,0.0,1014,32,10,93,18,Managua
2023-03-16 12:00:00,34,24,0.0,11.6,6,30,01:29 AM,01:05 PM,05:52 AM,05:56 PM,20,36,36,33,20,38,45,0.0,1012,33,10,95,18,Managua
2023-03-16 13:00:00,34,24,0.0,11.6,6,30,01:29 AM,01:05 PM,05:52 AM,05:56 PM,19,36,36,34,20,39,41,0.0,1011,34,10,94,17,Managua
2023-03-16 14:00:00,34,24,0.0,11.6,6,30,01:29 AM,01:05 PM,05:52 AM,05:56 PM,19,37,37,34,20,27,39,0.0,1010,34,10,93,17,Managua
2023-03-16 15:00:00,34,24,0.0,11.6,6,30,01:29 AM,01:05 PM,05:52 AM,05:56 PM,18,35,35,33,22,25,41,0.0,1009,33,10,96,19,Managua
2023-03-16 16:00:00,34,24,0.0,11.6,6,30,01:29 AM,01:05 PM,05:52 AM,05:56 PM,20,34,34,32,23,19,48,0.0,1009,32,10,112,20,Managua
2023-03-16 17:00:00,34,24,0.0,11.6,6,30,01:29 AM,01:05 PM,05:52 AM,05:56 PM,20,33,33,31,20,18,51,0.0,1010,31,10,118,17,Managua
2023-03-16 18:00:00,34,24,0.0,11.6,6,30,01:29 AM,01:05 PM,05:52 AM,05:56 PM,20,31,31,29,18,19,59,0.0,1010,29,10,135,13,Managua
2023-03-16 19:00:00,34,24,0.0,11.6,6,30,01:29 AM,01:05 PM,05:52 AM,05:56 PM,20,30,30,28,15,22,65,0.0,1011,28,10,139,10,Managua
2023-03-16 20:00:00,34,24,0.0,11.6,6,30,01:29 AM,01:05 PM,05:52 AM,05:56 PM,20,29,29,27,15,18,67,0.0,1012,27,10,122,10,Managua
2023-03-16 21:00:00,34,24,0.0,11.6,6,30,01:29 AM,01:05 PM,05:52 AM,05:56 PM,21,29,29,27,15,19,68,0.0,1013,27,10,118,11,Managua
2023-03-16 22:00:00,34,24,0.0,11.6,6,30,01:29 AM,01:05 PM,05:52 AM,05:56 PM,21,29,29,27,17,38,70,0.0,1013,27,10,115,13,Managua
2023-03-16 23:00:00,34,24,0.0,11.6,6,30,01:29 AM,01:05 PM,05:52 AM,05:56 PM,20,28,28,26,18,16,69,0.0,1013,26,10,108,14,Managua
2023-03-17 00:00:00,33,23,0.0,11.6,7,23,02:29 AM,02:10 PM,05:51 AM,05:56 PM,21,27,27,25,17,19,77,0.0,1013,25,10,101,12,Managua
2023-03-17 01:00:00,33,23,0.0,11.6,7,23,02:29 AM,02:10 PM,05:51 AM,05:56 PM,21,27,27,25,16,25,80,0.0,1012,25,10,99,12,Managua
2023-03-17 02:00:00,33,23,0.0,11.6,7,23,02:29 AM,02:10 PM,05:51 AM,05:56 PM,21,26,26,24,17,31,81,0.0,1012,24,10,97,12,Managua
2023-03-17 03:00:00,33,23,0.0,11.6,7,23,02:29 AM,02:10 PM,05:51 AM,05:56 PM,21,26,26,24,16,22,83,0.0,1012,24,10,97,12,Managua
2023-03-17 04:00:00,33,23,0.0,11.6,7,23,02:29 AM,02:10 PM,05:51 AM,05:56 PM,21,26,26,24,15,41,84,0.0,1012,24,10,100,11,Managua
2023-03-17 05:00:00,33,23,0.0,11.6,7,23,02:29 AM,02:10 PM,05:51 AM,05:56 PM,21,26,26,23,14,39,85,0.0,1012,23,10,104,10,Managua
2023-03-17 06:00:00,33,23,0.0,11.6,7,23,02:29 AM,02:10 PM,05:51 AM,05:56 PM,21,25,25,23,15,40,85,0.0,1013,23,10,103,10,Managua
2023-03-17 07:00:00,33,23,0.0,11.6,7,23,02:29 AM,02:10 PM,05:51 AM,05:56 PM,21,26,26,24,13,32,79,0.0,1014,24,10,99,11,Managua
2023-03-17 08:00:00,33,23,0.0,11.6,7,23,02:29 AM,02:10 PM,05:51 AM,05:56 PM,20,28,28,26,16,27,70,0.0,1014,26,10,95,14,Managua
2023-03-17 09:00:00,33,23,0.0,11.6,7,23,02:29 AM,02:10 PM,05:51 AM,05:56 PM,20,29,29,27,17,26,63,0.0,1014,27,10,99,15,Managua
2023-03-17 10:00:00,33,23,0.0,11.6,7,23,02:29 AM,02:10 PM,05:51 AM,05:56 PM,19,31,31,29,16,22,56,0.0,1014,29,10,106,14,Managua
2023-03-17 11:00:00,33,23,0.0,11.6,7,23,02:29 AM,02:10 PM,05:51 AM,05:56 PM,20,34,34,31,15,17,52,0.0,1013,31,10,114,13,Managua
2023-03-17 12:00:00,33,23,0.0,11.6,7,23,02:29 AM,02:10 PM,05:51 AM,05:56 PM,20,35,35,32,14,15,48,0.0,1012,32,10,121,12,Managua
2023-03-17 13:00:00,33,23,0.0,11.6,7,23,02:29 AM,02:10 PM,05:51 AM,05:56 PM,19,35,35,32,13,25,46,0.0,1011,32,10,127,11,Managua
2023-03-17 14:00:00,33,23,0.0,11.6,7,23,02:29 AM,02:10 PM,05:51 AM,05:56 PM,19,35,35,33,13,25,45,0.0,1010,33,10,129,11,Managua
2023-03-17 15:00:00,33,23,0.0,11.6,7,23,02:29 AM,02:10 PM,05:51 AM,05:56 PM,19,35,35,33,13,26,44,0.0,1009,33,10,126,11,Managua
2023-03-17 16:00:00,33,23,0.0,11.6,7,23,02:29 AM,02:10 PM,05:51 AM,05:56 PM,19,34,34,32,13,27,46,0.0,1009,32,10,129,11,Managua
2023-03-17 17:00:00,33,23,0.0,11.6,7,23,02:29 AM,02:10 PM,05:51 AM,05:56 PM,19,33,33,31,10,28,49,0.0,1009,31,10,149,8,Managua
2023-03-17 18:00:00,33,23,0.0,11.6,7,23,02:29 AM,02:10 PM,05:51 AM,05:56 PM,20,31,31,29,8,29,57,0.0,1010,29,10,198,5,Managua
2023-03-17 19:00:00,33,23,0.0,11.6,7,23,02:29 AM,02:10 PM,05:51 AM,05:56 PM,20,30,30,28,7,29,63,0.0,1011,28,10,223,5,Managua
2023-03-17 20:00:00,33,23,0.0,11.6,7,23,02:29 AM,02:10 PM,05:51 AM,05:56 PM,20,29,29,27,3,32,65,0.0,1012,27,10,233,2,Managua
2023-03-17 21:00:00,33,23,0.0,11.6,7,23,02:29 AM,02:10 PM,05:51 AM,05:56 PM,20,29,29,27,1,46,67,0.0,1013,27,10,281,1,Managua
2023-03-17 22:00:00,33,23,0.0,11.6,7,23,02:29 AM,02:10 PM,05:51 AM,05:56 PM,21,28,28,26,0,47,70,0.0,1013,26,10,290,0,Managua
2023-03-17 23:00:00,33,23,0.0,11.6,7,23,02:29 AM,02:10 PM,05:51 AM,05:56 PM,21,28,28,26,1,63,72,0.0,1013,26,10,102,1,Managua
2023-03-18 00:00:00,31,24,0.0,10.2,6,16,03:26 AM,03:14 PM,05:51 AM,05:56 PM,21,28,28,26,6,64,74,0.2,1013,26,10,130,5,Managua
2023-03-18 01:00:00,31,24,0.0,10.2,6,16,03:26 AM,03:14 PM,05:51 AM,05:56 PM,21,28,28,26,9,61,77,0.1,1012,26,10,127,6,Managua
2023-03-18 02:00:00,31,24,0.0,10.2,6,16,03:26 AM,03:14 PM,05:51 AM,05:56 PM,21,27,27,25,11,64,80,0.0,1012,25,10,121,8,Managua
2023-03-18 03:00:00,31,24,0.0,10.2,6,16,03:26 AM,03:14 PM,05:51 AM,05:56 PM,21,27,27,25,11,66,82,0.2,1012,25,10,130,8,Managua
2023-03-18 04:00:00,31,24,0.0,10.2,6,16,03:26 AM,03:14 PM,05:51 AM,05:56 PM,22,27,27,24,12,66,84,0.0,1012,24,10,129,9,Managua
2023-03-18 05:00:00,31,24,0.0,10.2,6,16,03:26 AM,03:14 PM,05:51 AM,05:56 PM,22,26,26,24,11,61,85,0.1,1013,24,10,130,8,Managua
2023-03-18 06:00:00,31,24,0.0,10.2,6,16,03:26 AM,03:14 PM,05:51 AM,05:56 PM,22,26,26,24,13,50,85,0.2,1013,24,9,137,9,Managua
2023-03-18 07:00:00,31,24,0.0,10.2,6,16,03:26 AM,03:14 PM,05:51 AM,05:56 PM,21,28,28,25,11,29,79,0.0,1014,25,10,134,10,Managua
2023-03-18 08:00:00,31,24,0.0,10.2,6,16,03:26 AM,03:14 PM,05:51 AM,05:56 PM,21,29,29,27,11,20,69,0.0,1014,27,10,123,10,Managua
2023-03-18 09:00:00,31,24,0.0,10.2,6,16,03:26 AM,03:14 PM,05:51 AM,05:56 PM,21,31,31,29,11,39,62,0.0,1014,29,10,116,10,Managua
2023-03-18 10:00:00,31,24,0.0,10.2,6,16,03:26 AM,03:14 PM,05:51 AM,05:56 PM,21,33,33,30,11,45,57,0.0,1014,30,10,113,10,Managua
2023-03-18 11:00:00,31,24,0.0,10.2,6,16,03:26 AM,03:14 PM,05:51 AM,05:56 PM,21,34,34,31,12,64,54,0.0,1013,31,10,108,10,Managua
2023-03-18 12:00:00,31,24,0.0,10.2,6,16,03:26 AM,03:14 PM,05:51 AM,05:56 PM,21,34,34,31,12,56,54,0.0,1012,31,10,117,10,Managua
2023-03-18 13:00:00,31,24,0.0,10.2,6,16,03:26 AM,03:14 PM,05:51 AM,05:56 PM,21,34,34,31,10,48,54,0.0,1011,31,10,142,9,Managua
2023-03-18 14:00:00,31,24,0.0,10.2,6,16,03:26 AM,03:14 PM,05:51 AM,05:56 PM,21,34,34,31,8,34,55,0.0,1010,31,10,181,7,Managua
2023-03-18 15:00:00,31,24,0.0,10.2,6,16,03:26 AM,03:14 PM,05:51 AM,05:56 PM,21,33,33,30,8,65,59,0.1,1010,30,10,213,6,Managua
2023-03-18 16:00:00,31,24,0.0,10.2,6,16,03:26 AM,03:14 PM,05:51 AM,05:56 PM,21,33,33,30,5,84,62,0.0,1010,30,10,193,4,Managua
2023-03-18 17:00:00,31,24,0.0,10.2,6,16,03:26 AM,03:14 PM,05:51 AM,05:56 PM,21,32,32,29,4,70,62,0.1,1010,29,10,156,3,Managua
2023-03-18 18:00:00,31,24,0.0,10.2,6,16,03:26 AM,03:14 PM,05:51 AM,05:56 PM,22,31,31,28,5,28,67,0.0,1011,28,10,153,4,Managua
2023-03-18 19:00:00,31,24,0.0,10.2,6,16,03:26 AM,03:14 PM,05:51 AM,05:56 PM,22,30,30,27,6,24,72,0.0,1012,27,10,150,4,Managua
2023-03-18 20:00:00,31,24,0.0,10.2,6,16,03:26 AM,03:14 PM,05:51 AM,05:56 PM,22,29,29,26,6,84,75,0.1,1012,26,10,165,4,Managua
2023-03-18 21:00:00,31,24,0.0,10.2,6,16,03:26 AM,03:14 PM,05:51 AM,05:56 PM,22,29,29,26,3,85,76,0.3,1013,26,9,203,2,Managua
2023-03-18 22:00:00,31,24,0.0,10.2,6,16,03:26 AM,03:14 PM,05:51 AM,05:56 PM,22,28,28,26,3,61,77,0.1,1014,26,10,207,2,Managua
2023-03-18 23:00:00,31,24,0.0,10.2,6,16,03:26 AM,03:14 PM,05:51 AM,05:56 PM,22,28,28,26,5,93,79,0.2,1014,26,10,146,3,Managua
2023-03-19 00:00:00,33,24,0.0,11.6,6,8,04:17 AM,04:15 PM,05:50 AM,05:56 PM,21,28,28,26,4,61,77,1.0,1014,26,10,125,3,Managua
2023-03-19 01:00:00,33,24,0.0,11.6,6,8,04:17 AM,04:15 PM,05:50 AM,05:56 PM,22,28,28,26,6,67,79,0.0,1013,26,10,136,5,Managua
2023-03-19 02:00:00,33,24,0.0,11.6,6,8,04:17 AM,04:15 PM,05:50 AM,05:56 PM,21,27,27,25,8,67,81,0.0,1013,25,10,139,5,Managua
2023-03-19 03:00:00,33,24,0.0,11.6,6,8,04:17 AM,04:15 PM,05:50 AM,05:56 PM,22,27,27,25,9,79,82,0.1,1012,25,10,136,6,Managua
2023-03-19 04:00:00,33,24,0.0,11.6,6,8,04:17 AM,04:15 PM,05:50 AM,05:56 PM,21,27,27,24,10,42,83,0.0,1012,24,10,140,7,Managua
2023-03-19 05:00:00,33,24,0.0,11.6,6,8,04:17 AM,04:15 PM,05:50 AM,05:56 PM,21,26,26,24,9,30,84,0.0,1013,24,10,139,6,Managua
2023-03-19 06:00:00,33,24,0.0,11.6,6,8,04:17 AM,04:15 PM,05:50 AM,05:56 PM,21,26,26,24,10,26,84,0.0,1013,24,10,125,7,Managua
2023-03-19 07:00:00,33,24,0.0,11.6,6,8,04:17 AM,04:15 PM,05:50 AM,05:56 PM,21,27,27,25,9,26,78,0.0,1014,25,10,107,8,Managua
2023-03-19 08:00:00,33,24,0.0,11.6,6,8,04:17 AM,04:15 PM,05:50 AM,05:56 PM,21,29,29,27,11,34,71,0.0,1014,27,10,97,10,Managua
2023-03-19 09:00:00,33,24,0.0,11.6,6,8,04:17 AM,04:15 PM,05:50 AM,05:56 PM,21,30,30,28,14,35,64,0.0,1015,28,10,92,12,Managua
2023-03-19 10:00:00,33,24,0.0,11.6,6,8,04:17 AM,04:15 PM,05:50 AM,05:56 PM,20,32,32,29,15,43,58,0.0,1015,29,10,92,13,Managua
2023-03-19 11:00:00,33,24,0.0,11.6,6,8,04:17 AM,04:15 PM,05:50 AM,05:56 PM,21,34,34,31,14,50,53,0.0,1014,31,10,97,12,Managua
2023-03-19 12:00:00,33,24,0.0,11.6,6,8,04:17 AM,04:15 PM,05:50 AM,05:56 PM,20,35,35,32,12,35,49,0.0,1013,32,10,99,10,Managua
2023-03-19 13:00:00,33,24,0.0,11.6,6,8,04:17 AM,04:15 PM,05:50 AM,05:56 PM,20,36,36,33,10,59,47,0.0,1011,33,10,89,9,Managua
2023-03-19 14:00:00,33,24,0.0,11.6,6,8,04:17 AM,04:15 PM,05:50 AM,05:56 PM,20,35,35,33,13,69,47,0.0,1010,33,10,82,11,Managua
2023-03-19 15:00:00,33,24,0.0,11.6,6,8,04:17 AM,04:15 PM,05:50 AM,05:56 PM,20,34,34,32,12,52,49,0.0,1010,32,10,83,10,Managua
2023-03-19 16:00:00,33,24,0.0,11.6,6,8,04:17 AM,04:15 PM,05:50 AM,05:56 PM,20,34,34,31,10,44,50,0.0,1010,31,10,79,9,Managua
2023-03-19 17:00:00,33,24,0.0,11.6,6,8,04:17 AM,04:15 PM,05:50 AM,05:56 PM,20,34,34,31,14,32,51,0.0,1010,31,10,66,12,Managua
2023-03-19 18:00:00,33,24,0.0,11.6,6,8,04:17 AM,04:15 PM,05:50 AM,05:56 PM,20,32,32,30,17,20,56,0.0,1011,30,10,50,11,Managua
2023-03-19 19:00:00,33,24,0.0,11.6,6,8,04:17 AM,04:15 PM,05:50 AM,05:56 PM,20,30,30,29,15,20,60,0.0,1011,29,10,44,9,Managua
2023-03-19 20:00:00,33,24,0.0,11.6,6,8,04:17 AM,04:15 PM,05:50 AM,05:56 PM,20,30,30,28,14,25,61,0.0,1012,28,10,68,9,Managua
2023-03-19 21:00:00,33,24,0.0,11.6,6,8,04:17 AM,04:15 PM,05:50 AM,05:56 PM,20,30,30,28,19,24,64,0.0,1013,28,10,99,13,Managua
2023-03-19 22:00:00,33,24,0.0,11.6,6,8,04:17 AM,04:15 PM,05:50 AM,05:56 PM,21,29,29,27,19,13,69,0.0,1013,27,10,110,13,Managua
2023-03-19 23:00:00,33,24,0.0,11.6,6,8,04:17 AM,04:15 PM,05:50 AM,05:56 PM,21,29,29,27,17,14,73,0.0,1014,27,10,110,13,Managua
2023-03-20 00:00:00,38,24,0.0,11.6,7,1,05:05 AM,05:13 PM,05:50 AM,05:56 PM,21,28,28,26,18,18,74,0.0,1014,26,10,99,13,Managua
2023-03-20 01:00:00,38,24,0.0,11.6,7,1,05:05 AM,05:13 PM,05:50 AM,05:56 PM,20,27,27,26,22,30,73,0.0,1013,26,10,91,17,Managua
2023-03-20 02:00:00,38,24,0.0,11.6,7,1,05:05 AM,05:13 PM,05:50 AM,05:56 PM,20,27,27,25,21,19,73,0.0,1013,25,10,95,16,Managua
2023-03-20 03:00:00,38,24,0.0,11.6,7,1,05:05 AM,05:13 PM,05:50 AM,05:56 PM,19,26,26,24,19,14,74,0.0,1013,24,10,102,14,Managua
2023-03-20 04:00:00,38,24,0.0,11.6,7,1,05:05 AM,05:13 PM,05:50 AM,05:56 PM,19,26,26,24,19,11,75,0.0,1013,24,10,106,15,Managua
2023-03-20 05:00:00,38,24,0.0,11.6,7,1,05:05 AM,05:13 PM,05:50 AM,05:56 PM,20,26,26,24,20,10,78,0.0,1013,24,10,108,15,Managua
2023-03-20 06:00:00,38,24,0.0,11.6,7,1,05:05 AM,05:13 PM,05:50 AM,05:56 PM,20,26,26,24,21,9,80,0.0,1014,24,10,104,16,Managua
2023-03-20 07:00:00,38,24,0.0,11.6,7,1,05:05 AM,05:13 PM,05:50 AM,05:56 PM,20,26,26,25,20,10,75,0.0,1015,25,10,98,18,Managua
2023-03-20 08:00:00,38,24,0.0,11.6,7,1,05:05 AM,05:13 PM,05:50 AM,05:56 PM,19,28,28,26,24,11,65,0.0,1015,26,10,86,21,Managua
2023-03-20 09:00:00,38,24,0.0,11.6,7,1,05:05 AM,05:13 PM,05:50 AM,05:56 PM,19,30,30,28,27,6,55,0.0,1015,28,10,79,23,Managua
2023-03-20 10:00:00,38,24,0.0,11.6,7,1,05:05 AM,05:13 PM,05:50 AM,05:56 PM,18,31,31,30,27,7,47,0.0,1015,30,10,75,23,Managua
2023-03-20 11:00:00,38,24,0.0,11.6,7,1,05:05 AM,05:13 PM,05:50 AM,05:56 PM,20,38,38,35,27,12,42,0.0,1014,35,10,75,23,Managua
2023-03-20 12:00:00,38,24,0.0,11.6,7,1,05:05 AM,05:13 PM,05:50 AM,05:56 PM,18,36,36,34,26,23,38,0.0,1013,34,10,77,23,Managua
2023-03-20 13:00:00,38,24,0.0,11.6,7,1,05:05 AM,05:13 PM,05:50 AM,05:56 PM,19,40,40,37,27,15,34,0.0,1012,37,10,77,23,Managua
2023-03-20 14:00:00,38,24,0.0,11.6,7,1,05:05 AM,05:13 PM,05:50 AM,05:56 PM,18,40,40,37,27,10,32,0.0,1010,37,10,81,23,Managua
2023-03-20 15:00:00,38,24,0.0,11.6,7,1,05:05 AM,05:13 PM,05:50 AM,05:56 PM,18,40,40,38,27,8,31,0.0,1009,38,10,83,23,Managua
2023-03-20 16:00:00,38,24,0.0,11.6,7,1,05:05 AM,05:13 PM,05:50 AM,05:56 PM,17,38,38,37,27,7,31,0.0,1009,37,10,82,24,Managua
2023-03-20 17:00:00,38,24,0.0,11.6,7,1,05:05 AM,05:13 PM,05:50 AM,05:56 PM,17,36,36,35,25,7,34,0.0,1009,35,10,79,22,Managua
2023-03-20 18:00:00,38,24,0.0,11.6,7,1,05:05 AM,05:13 PM,05:50 AM,05:56 PM,17,33,33,32,20,8,42,0.0,1010,32,10,81,15,Managua
2023-03-20 19:00:00,38,24,0.0,11.6,7,1,05:05 AM,05:13 PM,05:50 AM,05:56 PM,18,31,31,30,23,9,49,0.0,1012,30,10,101,16,Managua
2023-03-20 20:00:00,38,24,0.0,11.6,7,1,05:05 AM,05:13 PM,05:50 AM,05:56 PM,18,30,30,29,32,11,52,0.0,1013,29,10,97,24,Managua
2023-03-20 21:00:00,38,24,0.0,11.6,7,1,05:05 AM,05:13 PM,05:50 AM,05:56 PM,18,29,29,28,31,6,54,0.0,1013,28,10,98,24,Managua
2023-03-20 22:00:00,38,24,0.0,11.6,7,1,05:05 AM,05:13 PM,05:50 AM,05:56 PM,19,29,29,27,28,6,59,0.0,1014,27,10,100,22,Managua
2023-03-20 23:00:00,38,24,0.0,11.6,7,1,05:05 AM,05:13 PM,05:50 AM,05:56 PM,19,28,28,27,26,6,62,0.0,1014,27,10,88,20,Managua
2023-03-21 00:00:00,34,25,0.0,10.2,7,0,05:50 AM,06:09 PM,05:49 AM,05:56 PM,19,27,27,26,28,12,66,0.0,1014,26,10,83,22,Managua
2023-03-21 01:00:00,34,25,0.0,10.2,7,0,05:50 AM,06:09 PM,05:49 AM,05:56 PM,19,27,27,25,27,8,70,0.0,1014,25,10,80,21,Managua
2023-03-21 02:00:00,34,25,0.0,10.2,7,0,05:50 AM,06:09 PM,05:49 AM,05:56 PM,20,27,27,25,26,12,72,0.0,1013,25,10,78,20,Managua
2023-03-21 03:00:00,34,25,0.0,10.2,7,0,05:50 AM,06:09 PM,05:49 AM,05:56 PM,20,26,26,25,24,13,73,0.0,1013,25,10,74,19,Managua
2023-03-21 04:00:00,34,25,0.0,10.2,7,0,05:50 AM,06:09 PM,05:49 AM,05:56 PM,20,26,26,25,23,12,74,0.0,1013,25,10,72,18,Managua
2023-03-21 05:00:00,34,25,0.0,10.2,7,0,05:50 AM,06:09 PM,05:49 AM,05:56 PM,20,26,26,25,22,9,73,0.0,1013,25,10,71,17,Managua
2023-03-21 06:00:00,34,25,0.0,10.2,7,0,05:50 AM,06:09 PM,05:49 AM,05:56 PM,20,26,26,25,22,11,74,0.0,1014,25,10,73,17,Managua
2023-03-21 07:00:00,34,25,0.0,10.2,7,0,05:50 AM,06:09 PM,05:49 AM,05:56 PM,19,27,27,26,22,13,69,0.0,1015,26,10,70,19,Managua
2023-03-21 08:00:00,34,25,0.0,10.2,7,0,05:50 AM,06:09 PM,05:49 AM,05:56 PM,19,29,29,27,28,33,61,0.0,1015,27,10,64,24,Managua
2023-03-21 09:00:00,34,25,0.0,10.2,7,0,05:50 AM,06:09 PM,05:49 AM,05:56 PM,19,31,31,29,30,61,54,0.0,1015,29,10,66,26,Managua
2023-03-21 10:00:00,34,25,0.0,10.2,7,0,05:50 AM,06:09 PM,05:49 AM,05:56 PM,19,32,32,31,31,37,49,0.0,1015,31,10,68,27,Managua
2023-03-21 11:00:00,34,25,0.0,10.2,7,0,05:50 AM,06:09 PM,05:49 AM,05:56 PM,19,35,35,33,31,52,44,0.0,1014,33,10,68,27,Managua
2023-03-21 12:00:00,34,25,0.0,10.2,7,0,05:50 AM,06:09 PM,05:49 AM,05:56 PM,19,36,36,34,32,45,40,0.0,1013,34,10,70,28,Managua
2023-03-21 13:00:00,34,25,0.0,10.2,7,0,05:50 AM,06:09 PM,05:49 AM,05:56 PM,18,36,36,34,30,31,38,0.0,1011,34,10,73,26,Managua
2023-03-21 14:00:00,34,25,0.0,10.2,7,0,05:50 AM,06:09 PM,05:49 AM,05:56 PM,18,35,35,33,25,44,40,0.0,1011,33,10,79,22,Managua
2023-03-21 15:00:00,34,25,0.0,10.2,7,0,05:50 AM,06:09 PM,05:49 AM,05:56 PM,17,35,35,34,23,44,36,0.0,1010,34,10,76,20,Managua
2023-03-21 16:00:00,34,25,0.0,10.2,7,0,05:50 AM,06:09 PM,05:49 AM,05:56 PM,17,35,35,34,21,67,35,0.0,1010,34,10,70,18,Managua
2023-03-21 17:00:00,34,25,0.0,10.2,7,0,05:50 AM,06:09 PM,05:49 AM,05:56 PM,18,34,34,32,19,55,42,0.0,1010,32,10,68,15,Managua
2023-03-21 18:00:00,34,25,0.0,10.2,7,0,05:50 AM,06:09 PM,05:49 AM,05:56 PM,18,33,33,31,19,30,47,0.0,1011,31,10,76,14,Managua
2023-03-21 19:00:00,34,25,0.0,10.2,7,0,05:50 AM,06:09 PM,05:49 AM,05:56 PM,18,32,32,30,28,19,49,0.0,1012,30,10,79,21,Managua
2023-03-21 20:00:00,34,25,0.0,10.2,7,0,05:50 AM,06:09 PM,05:49 AM,05:56 PM,19,31,31,29,30,20,56,0.0,1013,29,10,82,23,Managua
2023-03-21 21:00:00,34,25,0.0,10.2,7,0,05:50 AM,06:09 PM,05:49 AM,05:56 PM,20,29,29,28,28,11,63,0.0,1014,28,10,80,23,Managua
2023-03-21 22:00:00,34,25,0.0,10.2,7,0,05:50 AM,06:09 PM,05:49 AM,05:56 PM,19,28,28,27,29,8,64,0.0,1015,27,10,80,24,Managua
2023-03-21 23:00:00,34,25,0.0,10.2,7,0,05:50 AM,06:09 PM,05:49 AM,05:56 PM,18,27,27,26,28,4,63,0.0,1015,26,10,77,23,Managua
2023-03-22 00:00:00,38,24,0.0,11.6,7,0,06:32 AM,07:04 PM,05:48 AM,05:56 PM,18,26,26,25,32,2,68,0.0,1014,25,10,69,22,Managua
2023-03-22 01:00:00,38,24,0.0,11.6,7,0,06:32 AM,07:04 PM,05:48 AM,05:56 PM,19,26,26,25,28,1,69,0.0,1014,25,10,70,21,Managua
2023-03-22 02:00:00,38,24,0.0,11.6,7,0,06:32 AM,07:04 PM,05:48 AM,05:56 PM,19,26,26,24,26,27,72,0.0,1013,24,10,69,19,Managua
2023-03-22 03:00:00,38,24,0.0,11.6,7,0,06:32 AM,07:04 PM,05:48 AM,05:56 PM,19,26,26,24,25,58,73,0.0,1013,24,10,65,19,Managua
2023-03-22 04:00:00,38,24,0.0,11.6,7,0,06:32 AM,07:04 PM,05:48 AM,05:56 PM,19,26,26,25,26,73,73,0.0,1013,25,10,64,20,Managua
2023-03-22 05:00:00,38,24,0.0,11.6,7,0,06:32 AM,07:04 PM,05:48 AM,05:56 PM,19,26,26,25,28,48,72,0.0,1014,25,10,68,22,Managua
2023-03-22 06:00:00,38,24,0.0,11.6,7,0,06:32 AM,07:04 PM,05:48 AM,05:56 PM,19,26,26,25,30,20,70,0.0,1014,25,10,72,23,Managua
2023-03-22 07:00:00,38,24,0.0,11.6,7,0,06:32 AM,07:04 PM,05:48 AM,05:56 PM,19,27,27,25,28,15,66,0.0,1015,25,10,71,24,Managua
2023-03-22 08:00:00,38,24,0.0,11.6,7,0,06:32 AM,07:04 PM,05:48 AM,05:56 PM,18,28,28,27,32,15,59,0.0,1015,27,10,67,28,Managua
2023-03-22 09:00:00,38,24,0.0,11.6,7,0,06:32 AM,07:04 PM,05:48 AM,05:56 PM,18,30,30,29,35,32,51,0.0,1016,29,10,65,30,Managua
2023-03-22 10:00:00,38,24,0.0,11.6,7,0,06:32 AM,07:04 PM,05:48 AM,05:56 PM,16,31,31,30,36,7,42,0.0,1015,30,10,68,31,Managua
2023-03-22 11:00:00,38,24,0.0,11.6,7,0,06:32 AM,07:04 PM,05:48 AM,05:56 PM,17,36,36,35,37,13,36,0.0,1014,35,10,69,32,Managua
2023-03-22 12:00:00,38,24,0.0,11.6,7,0,06:32 AM,07:04 PM,05:48 AM,05:56 PM,17,38,38,36,37,10,32,0.0,1013,36,10,69,32,Managua
2023-03-22 13:00:00,38,24,0.0,11.6,7,0,06:32 AM,07:04 PM,05:48 AM,05:56 PM,16,39,39,37,36,8,29,0.0,1012,37,10,73,31,Managua
2023-03-22 14:00:00,38,24,0.0,11.6,7,0,06:32 AM,07:04 PM,05:48 AM,05:56 PM,16,39,39,38,35,6,28,0.0,1011,38,10,79,30,Managua
2023-03-22 15:00:00,38,24,0.0,11.6,7,0,06:32 AM,07:04 PM,05:48 AM,05:56 PM,16,39,39,38,37,7,28,0.0,1010,38,10,82,32,Managua
2023-03-22 16:00:00,38,24,0.0,11.6,7,0,06:32 AM,07:04 PM,05:48 AM,05:56 PM,16,37,37,36,36,7,30,0.0,1010,36,10,80,31,Managua
2023-03-22 17:00:00,38,24,0.0,11.6,7,0,06:32 AM,07:04 PM,05:48 AM,05:56 PM,16,35,35,35,31,6,32,0.0,1011,35,10,78,27,Managua
2023-03-22 18:00:00,38,24,0.0,11.6,7,0,06:32 AM,07:04 PM,05:48 AM,05:56 PM,16,32,32,32,28,8,38,0.0,1012,32,10,82,24,Managua
2023-03-22 19:00:00,38,24,0.0,11.6,7,0,06:32 AM,07:04 PM,05:48 AM,05:56 PM,16,30,30,30,30,5,43,0.0,1013,30,10,80,24,Managua
2023-03-22 20:00:00,38,24,0.0,11.6,7,0,06:32 AM,07:04 PM,05:48 AM,05:56 PM,17,29,29,28,33,3,49,0.0,1013,28,10,80,26,Managua
2023-03-22 21:00:00,38,24,0.0,11.6,7,0,06:32 AM,07:04 PM,05:48 AM,05:56 PM,17,28,28,27,31,3,55,0.0,1014,27,10,84,24,Managua
2023-03-22 22:00:00,38,24,0.0,11.6,7,0,06:32 AM,07:04 PM,05:48 AM,05:56 PM,18,28,28,27,28,3,60,0.0,1015,27,10,82,22,Managua
2023-03-22 23:00:00,38,24,0.0,11.6,7,0,06:32 AM,07:04 PM,05:48 AM,05:56 PM,19,28,28,26,26,6,63,0.0,1015,26,10,76,22,Managua
2023-03-23 00:00:00,35,24,0.0,10.2,7,6,07:15 AM,07:58 PM,05:48 AM,05:56 PM,17,26,26,25,28,6,63,0.0,1014,25,10,72,22,Managua
2023-03-23 01:00:00,35,24,0.0,10.2,7,6,07:15 AM,07:58 PM,05:48 AM,05:56 PM,18,26,26,24,28,9,66,0.0,1014,24,10,69,21,Managua
2023-03-23 02:00:00,35,24,0.0,10.2,7,6,07:15 AM,07:58 PM,05:48 AM,05:56 PM,18,26,26,24,26,18,70,0.0,1013,24,10,67,21,Managua
2023-03-23 03:00:00,35,24,0.0,10.2,7,6,07:15 AM,07:58 PM,05:48 AM,05:56 PM,18,26,26,24,26,7,71,0.0,1013,24,10,66,20,Managua
2023-03-23 04:00:00,35,24,0.0,10.2,7,6,07:15 AM,07:58 PM,05:48 AM,05:56 PM,19,26,26,24,25,26,72,0.0,1014,24,10,66,19,Managua
2023-03-23 05:00:00,35,24,0.0,10.2,7,6,07:15 AM,07:58 PM,05:48 AM,05:56 PM,19,26,26,24,25,50,73,0.0,1014,24,10,68,19,Managua
2023-03-23 06:00:00,35,24,0.0,10.2,7,6,07:15 AM,07:58 PM,05:48 AM,05:56 PM,19,26,26,24,25,39,72,0.0,1014,24,10,68,19,Managua
2023-03-23 07:00:00,35,24,0.0,10.2,7,6,07:15 AM,07:58 PM,05:48 AM,05:56 PM,18,27,27,25,26,7,65,0.0,1015,25,10,70,22,Managua
2023-03-23 08:00:00,35,24,0.0,10.2,7,6,07:15 AM,07:58 PM,05:48 AM,05:56 PM,17,28,28,27,31,0,55,0.0,1015,27,10,73,27,Managua
2023-03-23 09:00:00,35,24,0.0,10.2,7,6,07:15 AM,07:58 PM,05:48 AM,05:56 PM,18,30,30,28,33,76,54,0.0,1015,28,10,77,29,Managua
2023-03-23 10:00:00,35,24,0.0,10.2,7,6,07:15 AM,07:58 PM,05:48 AM,05:56 PM,19,30,30,29,35,51,53,0.0,1015,29,10,77,30,Managua
2023-03-23 11:00:00,35,24,0.0,10.2,7,6,07:15 AM,07:58 PM,05:48 AM,05:56 PM,19,33,33,31,32,20,47,0.0,1015,31,10,77,28,Managua
2023-03-23 12:00:00,35,24,0.0,10.2,7,6,07:15 AM,07:58 PM,05:48 AM,05:56 PM,18,34,34,33,30,47,42,0.0,1013,33,10,77,26,Managua
2023-03-23 13:00:00,35,24,0.0,10.2,7,6,07:15 AM,07:58 PM,05:48 AM,05:56 PM,18,35,35,33,32,48,41,0.0,1012,33,10,72,28,Managua
2023-03-23 14:00:00,35,24,0.0,10.2,7,6,07:15 AM,07:58 PM,05:48 AM,05:56 PM,18,33,33,32,28,41,45,0.0,1012,32,10,68,25,Managua
2023-03-23 15:00:00,35,24,0.0,10.2,7,6,07:15 AM,07:58 PM,05:48 AM,05:56 PM,17,34,34,33,30,21,39,0.0,1011,33,10,69,26,Managua
2023-03-23 16:00:00,35,24,0.0,10.2,7,6,07:15 AM,07:58 PM,05:48 AM,05:56 PM,19,37,37,35,31,14,39,0.0,1010,35,10,58,27,Managua
2023-03-23 17:00:00,35,24,0.0,10.2,7,6,07:15 AM,07:58 PM,05:48 AM,05:56 PM,18,35,35,33,30,15,41,0.0,1011,33,10,59,26,Managua
2023-03-23 18:00:00,35,24,0.0,10.2,7,6,07:15 AM,07:58 PM,05:48 AM,05:56 PM,17,31,31,30,28,20,44,0.0,1011,30,10,70,21,Managua
2023-03-23 19:00:00,35,24,0.0,10.2,7,6,07:15 AM,07:58 PM,05:48 AM,05:56 PM,18,30,30,29,30,18,50,0.0,1012,29,10,81,23,Managua
2023-03-23 20:00:00,35,24,0.0,10.2,7,6,07:15 AM,07:58 PM,05:48 AM,05:56 PM,19,29,29,28,31,13,58,0.0,1013,28,10,89,24,Managua
2023-03-23 21:00:00,35,24,0.0,10.2,7,6,07:15 AM,07:58 PM,05:48 AM,05:56 PM,19,28,28,27,29,7,62,0.0,1014,27,10,88,23,Managua
2023-03-23 22:00:00,35,24,0.0,10.2,7,6,07:15 AM,07:58 PM,05:48 AM,05:56 PM,19,27,27,26,26,0,67,0.0,1015,26,10,84,21,Managua
2023-03-23 23:00:00,35,24,0.0,10.2,7,6,07:15 AM,07:58 PM,05:48 AM,05:56 PM,19,27,27,25,23,0,69,0.0,1015,25,10,83,18,Managua
2023-03-24 00:00:00,35,24,0.0,11.6,7,13,07:58 AM,08:53 PM,05:47 AM,05:56 PM,18,26,26,25,28,8,69,0.0,1014,25,10,76,19,Managua
2023-03-24 01:00:00,35,24,0.0,11.6,7,13,07:58 AM,08:53 PM,05:47 AM,05:56 PM,19,26,26,24,24,19,71,0.0,1013,24,10,72,18,Managua
2023-03-24 02:00:00,35,24,0.0,11.6,7,13,07:58 AM,08:53 PM,05:47 AM,05:56 PM,19,26,26,24,24,40,75,0.0,1012,24,10,71,18,Managua
2023-03-24 03:00:00,35,24,0.0,11.6,7,13,07:58 AM,08:53 PM,05:47 AM,05:56 PM,20,26,26,24,22,52,78,0.0,1012,24,10,71,17,Managua
2023-03-24 04:00:00,35,24,0.0,11.6,7,13,07:58 AM,08:53 PM,05:47 AM,05:56 PM,20,26,26,24,22,57,77,0.0,1012,24,10,72,17,Managua
2023-03-24 05:00:00,35,24,0.0,11.6,7,13,07:58 AM,08:53 PM,05:47 AM,05:56 PM,19,26,26,24,24,56,74,0.0,1013,24,10,73,18,Managua
2023-03-24 06:00:00,35,24,0.0,11.6,7,13,07:58 AM,08:53 PM,05:47 AM,05:56 PM,19,26,26,25,25,18,71,0.0,1013,25,10,76,19,Managua
2023-03-24 07:00:00,35,24,0.0,11.6,7,13,07:58 AM,08:53 PM,05:47 AM,05:56 PM,19,27,27,26,25,10,66,0.0,1013,26,10,76,22,Managua
2023-03-24 08:00:00,35,24,0.0,11.6,7,13,07:58 AM,08:53 PM,05:47 AM,05:56 PM,19,29,29,28,30,12,58,0.0,1014,28,10,76,26,Managua
2023-03-24 09:00:00,35,24,0.0,11.6,7,13,07:58 AM,08:53 PM,05:47 AM,05:56 PM,18,31,31,29,31,33,51,0.0,1014,29,10,80,27,Managua
2023-03-24 10:00:00,35,24,0.0,11.6,7,13,07:58 AM,08:53 PM,05:47 AM,05:56 PM,18,32,32,31,31,30,45,0.0,1013,31,10,85,27,Managua
2023-03-24 11:00:00,35,24,0.0,11.6,7,13,07:58 AM,08:53 PM,05:47 AM,05:56 PM,18,35,35,33,30,45,41,0.0,1012,33,10,85,26,Managua
2023-03-24 12:00:00,35,24,0.0,11.6,7,13,07:58 AM,08:53 PM,05:47 AM,05:56 PM,18,36,36,34,29,41,38,0.0,1011,34,10,85,25,Managua
2023-03-24 13:00:00,35,24,0.0,11.6,7,13,07:58 AM,08:53 PM,05:47 AM,05:56 PM,18,36,36,35,30,27,37,0.0,1010,35,10,89,26,Managua
2023-03-24 14:00:00,35,24,0.0,11.6,7,13,07:58 AM,08:53 PM,05:47 AM,05:56 PM,17,35,35,34,27,24,38,0.0,1009,34,10,95,23,Managua
2023-03-24 15:00:00,35,24,0.0,11.6,7,13,07:58 AM,08:53 PM,05:47 AM,05:56 PM,18,35,35,33,25,26,40,0.0,1009,33,10,105,22,Managua
2023-03-24 16:00:00,35,24,0.0,11.6,7,13,07:58 AM,08:53 PM,05:47 AM,05:56 PM,18,34,34,32,22,28,44,0.0,1009,32,10,108,19,Managua
2023-03-24 17:00:00,35,24,0.0,11.6,7,13,07:58 AM,08:53 PM,05:47 AM,05:56 PM,19,33,33,31,20,23,47,0.0,1009,31,10,99,17,Managua
2023-03-24 18:00:00,35,24,0.0,11.6,7,13,07:58 AM,08:53 PM,05:47 AM,05:56 PM,19,32,32,30,17,16,51,0.0,1010,30,10,101,13,Managua
2023-03-24 19:00:00,35,24,0.0,11.6,7,13,07:58 AM,08:53 PM,05:47 AM,05:56 PM,19,31,31,29,17,16,54,0.0,1011,29,10,105,12,Managua
2023-03-24 20:00:00,35,24,0.0,11.6,7,13,07:58 AM,08:53 PM,05:47 AM,05:56 PM,19,30,30,29,25,17,56,0.0,1011,29,10,97,19,Managua
2023-03-24 21:00:00,35,24,0.0,11.6,7,13,07:58 AM,08:53 PM,05:47 AM,05:56 PM,19,29,29,28,24,9,59,0.0,1012,28,10,97,19,Managua
2023-03-24 22:00:00,35,24,0.0,11.6,7,13,07:58 AM,08:53 PM,05:47 AM,05:56 PM,19,28,28,27,22,6,63,0.0,1012,27,10,99,17,Managua
2023-03-24 23:00:00,35,24,0.0,11.6,7,13,07:58 AM,08:53 PM,05:47 AM,05:56 PM,19,28,28,26,22,5,67,0.0,1012,26,10,98,17,Managua
2023-03-25 00:00:00,36,23,0.0,11.6,7,21,08:43 AM,09:48 PM,05:46 AM,05:56 PM,19,26,26,25,20,2,70,0.0,1013,25,10,94,15,Managua
2023-03-25 01:00:00,36,23,0.0,11.6,7,21,08:43 AM,09:48 PM,05:46 AM,05:56 PM,19,26,26,24,19,6,74,0.0,1012,24,10,91,14,Managua
2023-03-25 02:00:00,36,23,0.0,11.6,7,21,08:43 AM,09:48 PM,05:46 AM,05:56 PM,20,26,26,24,18,18,77,0.0,1011,24,10,89,13,Managua
2023-03-25 03:00:00,36,23,0.0,11.6,7,21,08:43 AM,09:48 PM,05:46 AM,05:56 PM,20,25,25,23,17,25,81,0.0,1011,23,10,90,13,Managua
2023-03-25 04:00:00,36,23,0.0,11.6,7,21,08:43 AM,09:48 PM,05:46 AM,05:56 PM,20,25,25,23,18,29,84,0.0,1011,23,10,90,13,Managua
2023-03-25 05:00:00,36,23,0.0,11.6,7,21,08:43 AM,09:48 PM,05:46 AM,05:56 PM,20,25,25,23,18,40,84,0.0,1012,23,10,85,13,Managua
2023-03-25 06:00:00,36,23,0.0,11.6,7,21,08:43 AM,09:48 PM,05:46 AM,05:56 PM,20,26,26,24,19,59,78,0.0,1012,24,10,81,14,Managua
2023-03-25 07:00:00,36,23,0.0,11.6,7,21,08:43 AM,09:48 PM,05:46 AM,05:56 PM,19,27,27,25,22,55,67,0.0,1013,25,10,79,19,Managua
2023-03-25 08:00:00,36,23,0.0,11.6,7,21,08:43 AM,09:48 PM,05:46 AM,05:56 PM,18,28,28,27,25,33,60,0.0,1014,27,10,79,22,Managua
2023-03-25 09:00:00,36,23,0.0,11.6,7,21,08:43 AM,09:48 PM,05:46 AM,05:56 PM,19,29,29,28,25,24,56,0.0,1014,28,10,79,22,Managua
2023-03-25 10:00:00,36,23,0.0,11.6,7,21,08:43 AM,09:48 PM,05:46 AM,05:56 PM,18,31,31,30,24,19,49,0.0,1013,30,10,80,21,Managua
2023-03-25 11:00:00,36,23,0.0,11.6,7,21,08:43 AM,09:48 PM,05:46 AM,05:56 PM,20,38,38,35,22,13,43,0.0,1012,35,10,82,19,Managua
2023-03-25 12:00:00,36,23,0.0,11.6,7,21,08:43 AM,09:48 PM,05:46 AM,05:56 PM,18,36,36,34,22,31,39,0.0,1011,34,10,78,19,Managua
2023-03-25 13:00:00,36,23,0.0,11.6,7,21,08:43 AM,09:48 PM,05:46 AM,05:56 PM,18,37,37,35,22,23,36,0.0,1010,35,10,77,19,Managua
2023-03-25 14:00:00,36,23,0.0,11.6,7,21,08:43 AM,09:48 PM,05:46 AM,05:56 PM,18,38,38,36,22,18,35,0.0,1008,36,10,90,19,Managua
2023-03-25 15:00:00,36,23,0.0,11.6,7,21,08:43 AM,09:48 PM,05:46 AM,05:56 PM,19,37,37,34,28,19,39,0.0,1008,34,10,112,24,Managua
2023-03-25 16:00:00,36,23,0.0,11.6,7,21,08:43 AM,09:48 PM,05:46 AM,05:56 PM,19,35,35,33,27,19,42,0.0,1008,33,10,112,23,Managua
2023-03-25 17:00:00,36,23,0.0,11.6,7,21,08:43 AM,09:48 PM,05:46 AM,05:56 PM,18,34,34,32,27,27,44,0.0,1009,32,10,86,23,Managua
2023-03-25 18:00:00,36,23,0.0,11.6,7,21,08:43 AM,09:48 PM,05:46 AM,05:56 PM,18,32,32,30,22,20,49,0.0,1009,30,10,98,16,Managua
2023-03-25 19:00:00,36,23,0.0,11.6,7,21,08:43 AM,09:48 PM,05:46 AM,05:56 PM,18,31,31,30,20,16,51,0.0,1010,30,10,109,14,Managua
2023-03-25 20:00:00,36,23,0.0,11.6,7,21,08:43 AM,09:48 PM,05:46 AM,05:56 PM,19,31,31,29,27,14,54,0.0,1011,29,10,104,20,Managua
2023-03-25 21:00:00,36,23,0.0,11.6,7,21,08:43 AM,09:48 PM,05:46 AM,05:56 PM,19,30,30,28,30,13,57,0.0,1011,28,10,96,23,Managua
2023-03-25 22:00:00,36,23,0.0,11.6,7,21,08:43 AM,09:48 PM,05:46 AM,05:56 PM,19,29,29,27,26,12,63,0.0,1012,27,10,100,21,Managua
2023-03-25 23:00:00,36,23,0.0,11.6,7,21,08:43 AM,09:48 PM,05:46 AM,05:56 PM,19,28,28,26,24,10,66,0.0,1012,26,10,97,19,Managua
2023-03-26 00:00:00,37,22,0.0,11.6,7,28,09:30 AM,10:43 PM,05:46 AM,05:56 PM,19,26,26,25,24,11,68,0.0,1012,25,10,94,19,Managua
2023-03-26 01:00:00,37,22,0.0,11.6,7,28,09:30 AM,10:43 PM,05:46 AM,05:56 PM,19,26,26,24,22,10,70,0.0,1011,24,10,92,17,Managua
2023-03-26 02:00:00,37,22,0.0,11.6,7,28,09:30 AM,10:43 PM,05:46 AM,05:56 PM,19,26,26,24,21,8,73,0.0,1011,24,10,90,15,Managua
2023-03-26 03:00:00,37,22,0.0,11.6,7,28,09:30 AM,10:43 PM,05:46 AM,05:56 PM,19,25,25,23,18,8,76,0.0,1011,23,10,84,13,Managua
2023-03-26 04:00:00,37,22,0.0,11.6,7,28,09:30 AM,10:43 PM,05:46 AM,05:56 PM,19,25,25,23,16,7,78,0.0,1012,23,10,84,12,Managua
2023-03-26 05:00:00,37,22,0.0,11.6,7,28,09:30 AM,10:43 PM,05:46 AM,05:56 PM,19,25,25,22,16,8,79,0.0,1012,22,10,88,12,Managua
2023-03-26 06:00:00,37,22,0.0,11.6,7,28,09:30 AM,10:43 PM,05:46 AM,05:56 PM,19,25,25,22,16,9,80,0.0,1013,22,10,89,12,Managua
2023-03-26 07:00:00,37,22,0.0,11.6,7,28,09:30 AM,10:43 PM,05:46 AM,05:56 PM,19,26,26,24,16,10,73,0.0,1013,24,10,89,14,Managua
2023-03-26 08:00:00,37,22,0.0,11.6,7,28,09:30 AM,10:43 PM,05:46 AM,05:56 PM,19,28,28,26,22,6,64,0.0,1014,26,10,84,19,Managua
2023-03-26 09:00:00,37,22,0.0,11.6,7,28,09:30 AM,10:43 PM,05:46 AM,05:56 PM,18,30,30,28,26,4,55,0.0,1014,28,10,79,22,Managua
2023-03-26 10:00:00,37,22,0.0,11.6,7,28,09:30 AM,10:43 PM,05:46 AM,05:56 PM,18,31,31,30,28,2,49,0.0,1013,30,10,82,24,Managua
2023-03-26 11:00:00,37,22,0.0,11.6,7,28,09:30 AM,10:43 PM,05:46 AM,05:56 PM,20,38,38,34,28,0,44,0.0,1012,34,10,84,25,Managua
2023-03-26 12:00:00,37,22,0.0,11.6,7,28,09:30 AM,10:43 PM,05:46 AM,05:56 PM,20,39,39,36,28,9,40,0.0,1011,36,10,82,25,Managua
2023-03-26 13:00:00,37,22,0.0,11.6,7,28,09:30 AM,10:43 PM,05:46 AM,05:56 PM,18,36,36,34,27,20,37,0.0,1010,34,10,81,24,Managua
2023-03-26 14:00:00,37,22,0.0,11.6,7,28,09:30 AM,10:43 PM,05:46 AM,05:56 PM,18,37,37,35,26,18,36,0.0,1009,35,10,84,22,Managua
2023-03-26 15:00:00,37,22,0.0,11.6,7,28,09:30 AM,10:43 PM,05:46 AM,05:56 PM,19,41,41,37,24,13,35,0.0,1007,37,10,92,21,Managua
2023-03-26 16:00:00,37,22,0.0,11.6,7,28,09:30 AM,10:43 PM,05:46 AM,05:56 PM,19,40,40,36,30,15,37,0.0,1007,36,10,102,26,Managua
2023-03-26 17:00:00,37,22,0.0,11.6,7,28,09:30 AM,10:43 PM,05:46 AM,05:56 PM,18,34,34,33,32,19,43,0.0,1008,33,10,98,28,Managua
2023-03-26 18:00:00,37,22,0.0,11.6,7,28,09:30 AM,10:43 PM,05:46 AM,05:56 PM,19,32,32,30,32,16,50,0.0,1009,30,10,88,25,Managua
2023-03-26 19:00:00,37,22,0.0,11.6,7,28,09:30 AM,10:43 PM,05:46 AM,05:56 PM,18,30,30,29,32,18,51,0.0,1010,29,10,83,22,Managua
2023-03-26 20:00:00,37,22,0.0,11.6,7,28,09:30 AM,10:43 PM,05:46 AM,05:56 PM,19,30,30,28,35,9,56,0.0,1011,28,10,92,26,Managua
2023-03-26 21:00:00,37,22,0.0,11.6,7,28,09:30 AM,10:43 PM,05:46 AM,05:56 PM,20,29,29,27,33,6,64,0.0,1012,27,10,96,25,Managua
2023-03-26 22:00:00,37,22,0.0,11.6,7,28,09:30 AM,10:43 PM,05:46 AM,05:56 PM,20,28,28,26,27,6,70,0.0,1012,26,10,95,23,Managua
2023-03-26 23:00:00,37,22,0.0,11.6,7,28,09:30 AM,10:43 PM,05:46 AM,05:56 PM,20,28,28,26,24,7,71,0.0,1013,26,10,89,20,Managua
2023-03-27 00:00:00,35,22,0.0,11.6,7,35,10:20 AM,11:38 PM,05:45 AM,05:56 PM,19,27,27,25,23,3,70,0.0,1012,25,10,81,18,Managua
2023-03-27 01:00:00,35,22,0.0,11.6,7,35,10:20 AM,11:38 PM,05:45 AM,05:56 PM,18,26,26,24,25,2,71,0.0,1011,24,10,78,17,Managua
2023-03-27 02:00:00,35,22,0.0,11.6,7,35,10:20 AM,11:38 PM,05:45 AM,05:56 PM,17,25,25,23,27,0,72,0.0,1011,23,10,72,16,Managua
2023-03-27 03:00:00,35,22,0.0,11.6,7,35,10:20 AM,11:38 PM,05:45 AM,05:56 PM,17,25,25,22,27,0,72,0.0,1011,22,10,60,14,Managua
2023-03-27 04:00:00,35,22,0.0,11.6,7,35,10:20 AM,11:38 PM,05:45 AM,05:56 PM,17,25,25,22,24,3,72,0.0,1011,22,10,56,13,Managua
2023-03-27 05:00:00,35,22,0.0,11.6,7,35,10:20 AM,11:38 PM,05:45 AM,05:56 PM,17,25,25,22,20,7,73,0.0,1012,22,10,59,12,Managua
2023-03-27 06:00:00,35,22,0.0,11.6,7,35,10:20 AM,11:38 PM,05:45 AM,05:56 PM,18,25,25,23,17,9,74,0.0,1013,23,10,61,12,Managua
2023-03-27 07:00:00,35,22,0.0,11.6,7,35,10:20 AM,11:38 PM,05:45 AM,05:56 PM,18,26,26,25,17,18,68,0.0,1013,25,10,64,15,Managua
2023-03-27 08:00:00,35,22,0.0,11.6,7,35,10:20 AM,11:38 PM,05:45 AM,05:56 PM,18,28,28,27,24,29,60,0.0,1014,27,10,70,21,Managua
2023-03-27 09:00:00,35,22,0.0,11.6,7,35,10:20 AM,11:38 PM,05:45 AM,05:56 PM,19,30,30,29,27,31,54,0.0,1014,29,10,74,24,Managua
2023-03-27 10:00:00,35,22,0.0,11.6,7,35,10:20 AM,11:38 PM,05:45 AM,05:56 PM,18,32,32,30,30,31,49,0.0,1014,30,10,77,26,Managua
2023-03-27 11:00:00,35,22,0.0,11.6,7,35,10:20 AM,11:38 PM,05:45 AM,05:56 PM,19,35,35,33,30,28,44,0.0,1013,33,10,78,26,Managua
2023-03-27 12:00:00,35,22,0.0,11.6,7,35,10:20 AM,11:38 PM,05:45 AM,05:56 PM,18,35,35,34,30,40,40,0.0,1011,34,10,75,26,Managua
2023-03-27 13:00:00,35,22,0.0,11.6,7,35,10:20 AM,11:38 PM,05:45 AM,05:56 PM,18,36,36,35,28,30,38,0.0,1010,35,10,75,25,Managua
2023-03-27 14:00:00,35,22,0.0,11.6,7,35,10:20 AM,11:38 PM,05:45 AM,05:56 PM,18,37,37,35,27,26,37,0.0,1009,35,10,82,23,Managua
2023-03-27 15:00:00,35,22,0.0,11.6,7,35,10:20 AM,11:38 PM,05:45 AM,05:56 PM,18,36,36,34,27,23,38,0.0,1008,34,10,89,23,Managua
2023-03-27 16:00:00,35,22,0.0,11.6,7,35,10:20 AM,11:38 PM,05:45 AM,05:56 PM,18,35,35,33,25,23,40,0.0,1009,33,10,84,22,Managua
2023-03-27 17:00:00,35,22,0.0,11.6,7,35,10:20 AM,11:38 PM,05:45 AM,05:56 PM,19,34,34,32,22,23,45,0.0,1009,32,10,89,19,Managua
2023-03-27 18:00:00,35,22,0.0,11.6,7,35,10:20 AM,11:38 PM,05:45 AM,05:56 PM,18,32,32,31,29,27,48,0.0,1010,31,10,85,22,Managua
2023-03-27 19:00:00,35,22,0.0,11.6,7,35,10:20 AM,11:38 PM,05:45 AM,05:56 PM,19,31,31,30,31,23,52,0.0,1011,30,10,83,24,Managua
2023-03-27 20:00:00,35,22,0.0,11.6,7,35,10:20 AM,11:38 PM,05:45 AM,05:56 PM,19,30,30,28,30,13,57,0.0,1012,28,10,89,23,Managua
2023-03-27 21:00:00,35,22,0.0,11.6,7,35,10:20 AM,11:38 PM,05:45 AM,05:56 PM,20,29,29,28,29,9,62,0.0,1013,28,10,93,23,Managua
2023-03-27 22:00:00,35,22,0.0,11.6,7,35,10:20 AM,11:38 PM,05:45 AM,05:56 PM,20,29,29,27,28,10,66,0.0,1013,27,10,95,22,Managua
2023-03-27 23:00:00,35,22,0.0,11.6,7,35,10:20 AM,11:38 PM,05:45 AM,05:56 PM,20,28,28,26,26,10,69,0.0,1013,26,10,93,21,Managua
2023-03-28 00:00:00,38,24,0.0,11.6,7,42,11:12 AM,No moonset,05:44 AM,05:56 PM,20,27,27,25,27,8,71,0.0,1013,25,10,87,21,Managua
2023-03-28 01:00:00,38,24,0.0,11.6,7,42,11:12 AM,No moonset,05:44 AM,05:56 PM,20,26,26,25,24,10,75,0.0,1012,25,10,82,19,Managua
2023-03-28 02:00:00,38,24,0.0,11.6,7,42,11:12 AM,No moonset,05:44 AM,05:56 PM,20,26,26,24,21,33,78,0.0,1011,24,10,78,17,Managua
2023-03-28 03:00:00,38,24,0.0,11.6,7,42,11:12 AM,No moonset,05:44 AM,05:56 PM,20,26,26,24,21,40,78,0.0,1012,24,10,77,16,Managua
2023-03-28 04:00:00,38,24,0.0,11.6,7,42,11:12 AM,No moonset,05:44 AM,05:56 PM,20,26,26,24,21,42,78,0.0,1012,24,10,75,15,Managua
2023-03-28 05:00:00,38,24,0.0,11.6,7,42,11:12 AM,No moonset,05:44 AM,05:56 PM,20,26,26,24,20,53,76,0.0,1012,24,10,75,15,Managua
2023-03-28 06:00:00,38,24,0.0,11.6,7,42,11:12 AM,No moonset,05:44 AM,05:56 PM,19,26,26,24,19,22,74,0.0,1013,24,10,80,14,Managua
2023-03-28 07:00:00,38,24,0.0,11.6,7,42,11:12 AM,No moonset,05:44 AM,05:56 PM,19,27,27,26,22,12,66,0.0,1013,26,10,78,19,Managua
2023-03-28 08:00:00,38,24,0.0,11.6,7,42,11:12 AM,No moonset,05:44 AM,05:56 PM,18,29,29,28,27,7,57,0.0,1014,28,10,74,23,Managua
2023-03-28 09:00:00,38,24,0.0,11.6,7,42,11:12 AM,No moonset,05:44 AM,05:56 PM,18,30,30,29,28,15,51,0.0,1014,29,10,76,24,Managua
2023-03-28 10:00:00,38,24,0.0,11.6,7,42,11:12 AM,No moonset,05:44 AM,05:56 PM,18,32,32,31,30,6,46,0.0,1014,31,10,78,26,Managua
2023-03-28 11:00:00,38,24,0.0,11.6,7,42,11:12 AM,No moonset,05:44 AM,05:56 PM,20,38,38,35,31,14,43,0.0,1013,35,10,77,27,Managua
2023-03-28 12:00:00,38,24,0.0,11.6,7,42,11:12 AM,No moonset,05:44 AM,05:56 PM,18,35,35,33,30,17,41,0.0,1012,33,10,81,26,Managua
2023-03-28 13:00:00,38,24,0.0,11.6,7,42,11:12 AM,No moonset,05:44 AM,05:56 PM,18,39,39,36,26,14,35,0.0,1010,36,10,89,23,Managua
2023-03-28 14:00:00,38,24,0.0,11.6,7,42,11:12 AM,No moonset,05:44 AM,05:56 PM,17,39,39,37,24,8,31,0.0,1009,37,10,91,21,Managua
2023-03-28 15:00:00,38,24,0.0,11.6,7,42,11:12 AM,No moonset,05:44 AM,05:56 PM,17,40,40,38,23,6,29,0.0,1008,38,10,87,20,Managua
2023-03-28 16:00:00,38,24,0.0,11.6,7,42,11:12 AM,No moonset,05:44 AM,05:56 PM,17,39,39,37,23,6,31,0.0,1008,37,10,90,20,Managua
2023-03-28 17:00:00,38,24,0.0,11.6,7,42,11:12 AM,No moonset,05:44 AM,05:56 PM,18,36,36,34,26,12,38,0.0,1008,34,10,114,22,Managua
2023-03-28 18:00:00,38,24,0.0,11.6,7,42,11:12 AM,No moonset,05:44 AM,05:56 PM,18,33,33,32,22,9,46,0.0,1009,32,10,126,19,Managua
2023-03-28 19:00:00,38,24,0.0,11.6,7,42,11:12 AM,No moonset,05:44 AM,05:56 PM,18,31,31,30,31,7,50,0.0,1010,30,10,106,25,Managua
2023-03-28 20:00:00,38,24,0.0,11.6,7,42,11:12 AM,No moonset,05:44 AM,05:56 PM,18,29,29,28,30,5,55,0.0,1011,28,10,96,23,Managua
2023-03-28 21:00:00,38,24,0.0,11.6,7,42,11:12 AM,No moonset,05:44 AM,05:56 PM,19,29,29,27,25,4,59,0.0,1012,27,10,98,19,Managua
2023-03-28 22:00:00,38,24,0.0,11.6,7,42,11:12 AM,No moonset,05:44 AM,05:56 PM,19,28,28,27,22,2,63,0.0,1012,27,10,96,18,Managua
2023-03-28 23:00:00,38,24,0.0,11.6,7,42,11:12 AM,No moonset,05:44 AM,05:56 PM,20,28,28,26,21,2,67,0.0,1012,26,10,85,17,Managua
2023-03-29 00:00:00,38,23,0.0,11.6,7,50,12:04 PM,12:30 AM,05:44 AM,05:56 PM,19,27,27,25,24,6,70,0.0,1012,25,10,79,19,Managua
2023-03-29 01:00:00,38,23,0.0,11.6,7,50,12:04 PM,12:30 AM,05:44 AM,05:56 PM,19,26,26,25,21,12,72,0.0,1012,25,10,78,16,Managua
2023-03-29 02:00:00,38,23,0.0,11.6,7,50,12:04 PM,12:30 AM,05:44 AM,05:56 PM,19,26,26,24,19,13,74,0.0,1012,24,10,79,14,Managua
2023-03-29 03:00:00,38,23,0.0,11.6,7,50,12:04 PM,12:30 AM,05:44 AM,05:56 PM,19,26,26,24,19,5,74,0.0,1012,24,10,82,15,Managua
2023-03-29 04:00:00,38,23,0.0,11.6,7,50,12:04 PM,12:30 AM,05:44 AM,05:56 PM,19,25,25,24,21,3,75,0.0,1012,24,10,82,15,Managua
2023-03-29 05:00:00,38,23,0.0,11.6,7,50,12:04 PM,12:30 AM,05:44 AM,05:56 PM,19,25,25,23,21,4,76,0.0,1012,23,10,81,16,Managua
2023-03-29 06:00:00,38,23,0.0,11.6,7,50,12:04 PM,12:30 AM,05:44 AM,05:56 PM,19,25,25,23,19,6,78,0.0,1013,23,10,81,14,Managua
2023-03-29 07:00:00,38,23,0.0,11.6,7,50,12:04 PM,12:30 AM,05:44 AM,05:56 PM,19,26,26,25,19,4,69,0.0,1013,25,10,77,17,Managua
2023-03-29 08:00:00,38,23,0.0,11.6,7,50,12:04 PM,12:30 AM,05:44 AM,05:56 PM,18,28,28,27,23,4,59,0.0,1014,27,10,72,20,Managua
2023-03-29 09:00:00,38,23,0.0,11.6,7,50,12:04 PM,12:30 AM,05:44 AM,05:56 PM,17,30,30,29,26,2,49,0.0,1014,29,10,73,22,Managua
2023-03-29 10:00:00,38,23,0.0,11.6,7,50,12:04 PM,12:30 AM,05:44 AM,05:56 PM,17,32,32,31,27,4,42,0.0,1013,31,10,74,23,Managua
2023-03-29 11:00:00,38,23,0.0,11.6,7,50,12:04 PM,12:30 AM,05:44 AM,05:56 PM,18,35,35,34,27,20,38,0.0,1012,34,10,72,24,Managua
2023-03-29 12:00:00,38,23,0.0,11.6,7,50,12:04 PM,12:30 AM,05:44 AM,05:56 PM,17,36,36,35,28,19,35,0.0,1011,35,10,73,24,Managua
2023-03-29 13:00:00,38,23,0.0,11.6,7,50,12:04 PM,12:30 AM,05:44 AM,05:56 PM,18,40,40,37,25,11,32,0.0,1010,37,10,72,22,Managua
2023-03-29 14:00:00,38,23,0.0,11.6,7,50,12:04 PM,12:30 AM,05:44 AM,05:56 PM,17,40,40,38,25,8,30,0.0,1009,38,10,63,22,Managua
2023-03-29 15:00:00,38,23,0.0,11.6,7,50,12:04 PM,12:30 AM,05:44 AM,05:56 PM,17,40,40,38,24,14,30,0.0,1008,38,10,62,21,Managua
2023-03-29 16:00:00,38,23,0.0,11.6,7,50,12:04 PM,12:30 AM,05:44 AM,05:56 PM,16,36,36,35,23,24,31,0.0,1007,35,10,72,20,Managua
2023-03-29 17:00:00,38,23,0.0,11.6,7,50,12:04 PM,12:30 AM,05:44 AM,05:56 PM,16,35,35,34,26,18,35,0.0,1008,34,10,88,22,Managua
2023-03-29 18:00:00,38,23,0.0,11.6,7,50,12:04 PM,12:30 AM,05:44 AM,05:56 PM,16,34,34,33,28,7,37,0.0,1009,33,10,81,25,Managua
2023-03-29 19:00:00,38,23,0.0,11.6,7,50,12:04 PM,12:30 AM,05:44 AM,05:56 PM,16,32,32,31,29,6,39,0.0,1010,31,10,85,22,Managua
2023-03-29 20:00:00,38,23,0.0,11.6,7,50,12:04 PM,12:30 AM,05:44 AM,05:56 PM,15,30,30,30,37,6,42,0.0,1011,30,10,92,28,Managua
2023-03-29 21:00:00,38,23,0.0,11.6,7,50,12:04 PM,12:30 AM,05:44 AM,05:56 PM,16,28,28,28,32,5,49,0.0,1012,28,10,94,25,Managua
2023-03-29 22:00:00,38,23,0.0,11.6,7,50,12:04 PM,12:30 AM,05:44 AM,05:56 PM,16,28,28,27,29,3,53,0.0,1012,27,10,88,23,Managua
2023-03-29 23:00:00,38,23,0.0,11.6,7,50,12:04 PM,12:30 AM,05:44 AM,05:56 PM,16,27,27,26,26,2,54,0.0,1013,26,10,83,21,Managua
2023-03-30 00:00:00,39,23,0.0,11.6,7,57,12:56 PM,01:20 AM,05:43 AM,05:56 PM,16,26,26,25,27,0,58,0.0,1013,25,10,80,21,Managua
2023-03-30 01:00:00,39,23,0.0,11.6,7,57,12:56 PM,01:20 AM,05:43 AM,05:56 PM,18,26,26,24,26,3,67,0.0,1012,24,10,77,21,Managua
2023-03-30 02:00:00,39,23,0.0,11.6,7,57,12:56 PM,01:20 AM,05:43 AM,05:56 PM,18,25,25,24,27,13,71,0.0,1012,24,10,74,21,Managua
2023-03-30 03:00:00,39,23,0.0,11.6,7,57,12:56 PM,01:20 AM,05:43 AM,05:56 PM,18,25,25,24,27,9,71,0.0,1012,24,10,71,21,Managua
2023-03-30 04:00:00,39,23,0.0,11.6,7,57,12:56 PM,01:20 AM,05:43 AM,05:56 PM,18,25,25,24,27,0,69,0.0,1012,24,10,71,20,Managua
2023-03-30 05:00:00,39,23,0.0,11.6,7,57,12:56 PM,01:20 AM,05:43 AM,05:56 PM,17,25,25,23,27,0,69,0.0,1012,23,10,67,19,Managua
2023-03-30 06:00:00,39,23,0.0,11.6,7,57,12:56 PM,01:20 AM,05:43 AM,05:56 PM,17,25,25,23,26,0,68,0.0,1012,23,10,68,19,Managua
2023-03-30 07:00:00,39,23,0.0,11.6,7,57,12:56 PM,01:20 AM,05:43 AM,05:56 PM,18,26,26,25,24,24,65,0.0,1013,25,10,71,21,Managua
2023-03-30 08:00:00,39,23,0.0,11.6,7,57,12:56 PM,01:20 AM,05:43 AM,05:56 PM,18,28,28,27,30,7,57,0.0,1014,27,10,66,26,Managua
2023-03-30 09:00:00,39,23,0.0,11.6,7,57,12:56 PM,01:20 AM,05:43 AM,05:56 PM,17,30,30,29,33,0,47,0.0,1014,29,10,67,29,Managua
2023-03-30 10:00:00,39,23,0.0,11.6,7,57,12:56 PM,01:20 AM,05:43 AM,05:56 PM,15,32,32,31,35,5,37,0.0,1013,31,10,70,30,Managua
2023-03-30 11:00:00,39,23,0.0,11.6,7,57,12:56 PM,01:20 AM,05:43 AM,05:56 PM,15,37,37,36,36,5,29,0.0,1012,36,10,73,32,Managua
2023-03-30 12:00:00,39,23,0.0,11.6,7,57,12:56 PM,01:20 AM,05:43 AM,05:56 PM,15,38,38,37,36,5,27,0.0,1011,37,10,75,31,Managua
2023-03-30 13:00:00,39,23,0.0,11.6,7,57,12:56 PM,01:20 AM,05:43 AM,05:56 PM,15,39,39,38,34,4,26,0.0,1009,38,10,78,30,Managua
2023-03-30 14:00:00,39,23,0.0,11.6,7,57,12:56 PM,01:20 AM,05:43 AM,05:56 PM,15,40,40,39,33,4,25,0.0,1008,39,10,83,29,Managua
2023-03-30 15:00:00,39,23,0.0,11.6,7,57,12:56 PM,01:20 AM,05:43 AM,05:56 PM,16,40,40,39,33,9,27,0.0,1007,39,10,81,29,Managua
2023-03-30 16:00:00,39,23,0.0,11.6,7,57,12:56 PM,01:20 AM,05:43 AM,05:56 PM,17,39,39,37,35,8,31,0.0,1007,37,10,70,30,Managua
2023-03-30 17:00:00,39,23,0.0,11.6,7,57,12:56 PM,01:20 AM,05:43 AM,05:56 PM,17,34,34,33,35,15,37,0.0,1008,33,10,61,30,Managua
2023-03-30 18:00:00,39,23,0.0,11.6,7,57,12:56 PM,01:20 AM,05:43 AM,05:56 PM,16,31,31,31,36,21,42,0.0,1010,31,10,59,28,Managua
2023-03-30 19:00:00,39,23,0.0,11.6,7,57,12:56 PM,01:20 AM,05:43 AM,05:56 PM,15,30,30,29,32,24,42,0.0,1011,29,10,74,24,Managua
2023-03-30 20:00:00,39,23,0.0,11.6,7,57,12:56 PM,01:20 AM,05:43 AM,05:56 PM,14,28,28,28,32,8,42,0.0,1012,28,10,89,25,Managua
2023-03-30 21:00:00,39,23,0.0,11.6,7,57,12:56 PM,01:20 AM,05:43 AM,05:56 PM,15,28,28,27,31,0,48,0.0,1013,27,10,86,25,Managua
2023-03-30 22:00:00,39,23,0.0,11.6,7,57,12:56 PM,01:20 AM,05:43 AM,05:56 PM,16,27,27,26,32,0,53,0.0,1014,26,10,84,26,Managua
2023-03-30 23:00:00,39,23,0.0,11.6,7,57,12:56 PM,01:20 AM,05:43 AM,05:56 PM,15,26,26,25,32,0,55,0.0,1014,25,10,81,25,Managua
2023-03-31 00:00:00,38,23,0.0,11.6,7,61,01:48 PM,02:07 AM,05:43 AM,05:56 PM,19,26,26,25,31,31,70,0.0,1014,25,10,76,24,Managua
2023-03-31 01:00:00,38,23,0.0,11.6,7,61,01:48 PM,02:07 AM,05:43 AM,05:56 PM,19,26,26,24,31,14,72,0.0,1013,24,10,75,24,Managua
2023-03-31 02:00:00,38,23,0.0,11.6,7,61,01:48 PM,02:07 AM,05:43 AM,05:56 PM,18,26,26,24,31,10,71,0.0,1013,24,10,75,24,Managua
2023-03-31 03:00:00,38,23,0.0,11.6,7,61,01:48 PM,02:07 AM,05:43 AM,05:56 PM,18,25,25,24,32,3,69,0.0,1013,24,10,72,25,Managua
2023-03-31 04:00:00,38,23,0.0,11.6,7,61,01:48 PM,02:07 AM,05:43 AM,05:56 PM,17,25,25,23,32,0,66,0.0,1013,23,10,70,24,Managua
2023-03-31 05:00:00,38,23,0.0,11.6,7,61,01:48 PM,02:07 AM,05:43 AM,05:56 PM,16,25,25,23,32,0,66,0.0,1013,23,10,69,24,Managua
2023-03-31 06:00:00,38,23,0.0,11.6,7,61,01:48 PM,02:07 AM,05:43 AM,05:56 PM,17,25,25,23,31,0,66,0.0,1014,23,10,66,24,Managua
2023-03-31 07:00:00,38,23,0.0,11.6,7,61,01:48 PM,02:07 AM,05:43 AM,05:56 PM,17,26,26,25,30,0,61,0.0,1015,25,10,65,26,Managua
2023-03-31 08:00:00,38,23,0.0,11.6,7,61,01:48 PM,02:07 AM,05:43 AM,05:56 PM,15,27,27,27,35,0,50,0.0,1015,27,10,67,31,Managua
2023-03-31 09:00:00,38,23,0.0,11.6,7,61,01:48 PM,02:07 AM,05:43 AM,05:56 PM,14,29,29,29,37,0,40,0.0,1015,29,10,72,32,Managua
2023-03-31 10:00:00,38,23,0.0,11.6,7,61,01:48 PM,02:07 AM,05:43 AM,05:56 PM,13,30,30,31,37,0,34,0.0,1014,31,10,74,32,Managua
2023-03-31 11:00:00,38,23,0.0,11.6,7,61,01:48 PM,02:07 AM,05:43 AM,05:56 PM,15,35,35,35,37,5,29,0.0,1013,35,10,77,32,Managua
2023-03-31 12:00:00,38,23,0.0,11.6,7,61,01:48 PM,02:07 AM,05:43 AM,05:56 PM,14,36,36,36,36,4,27,0.0,1012,36,10,79,32,Managua
2023-03-31 13:00:00,38,23,0.0,11.6,7,61,01:48 PM,02:07 AM,05:43 AM,05:56 PM,14,37,37,37,35,4,25,0.0,1011,37,10,81,30,Managua
2023-03-31 14:00:00,38,23,0.0,11.6,7,61,01:48 PM,02:07 AM,05:43 AM,05:56 PM,14,38,38,38,33,4,24,0.0,1010,38,10,82,29,Managua
2023-03-31 15:00:00,38,23,0.0,11.6,7,61,01:48 PM,02:07 AM,05:43 AM,05:56 PM,14,38,38,38,32,4,24,0.0,1009,38,10,86,28,Managua
2023-03-31 16:00:00,38,23,0.0,11.6,7,61,01:48 PM,02:07 AM,05:43 AM,05:56 PM,14,37,37,37,33,4,26,0.0,1008,37,10,85,28,Managua
2023-03-31 17:00:00,38,23,0.0,11.6,7,61,01:48 PM,02:07 AM,05:43 AM,05:56 PM,14,35,35,35,33,4,27,0.0,1009,35,10,74,29,Managua
2023-03-31 18:00:00,38,23,0.0,11.6,7,61,01:48 PM,02:07 AM,05:43 AM,05:56 PM,12,32,32,32,33,3,29,0.0,1010,32,10,71,29,Managua
2023-03-31 19:00:00,38,23,0.0,11.6,7,61,01:48 PM,02:07 AM,05:43 AM,05:56 PM,12,29,29,30,33,0,32,0.0,1011,30,10,74,27,Managua
2023-03-31 20:00:00,38,23,0.0,11.6,7,61,01:48 PM,02:07 AM,05:43 AM,05:56 PM,12,28,28,28,35,0,36,0.0,1012,28,10,79,26,Managua
2023-03-31 21:00:00,38,23,0.0,11.6,7,61,01:48 PM,02:07 AM,05:43 AM,05:56 PM,13,27,27,27,32,0,42,0.0,1013,27,10,85,24,Managua
2023-03-31 22:00:00,38,23,0.0,11.6,7,61,01:48 PM,02:07 AM,05:43 AM,05:56 PM,15,26,26,26,30,0,51,0.0,1014,26,10,93,23,Managua
2023-03-31 23:00:00,38,23,0.0,11.6,7,61,01:48 PM,02:07 AM,05:43 AM,05:56 PM,17,26,26,25,27,0,63,0.0,1014,25,10,91,22,Managua
2023-04-01 00:00:00,39,23,0.0,11.6,7,74,02:37 PM,02:49 AM,05:42 AM,05:56 PM,17,26,26,24,33,0,63,0.0,1014,24,10,80,25,Managua
2023-04-01 01:00:00,39,23,0.0,11.6,7,74,02:37 PM,02:49 AM,05:42 AM,05:56 PM,17,25,25,24,32,0,67,0.0,1013,24,10,78,24,Managua
2023-04-01 02:00:00,39,23,0.0,11.6,7,74,02:37 PM,02:49 AM,05:42 AM,05:56 PM,18,25,25,23,29,1,72,0.0,1012,23,10,76,22,Managua
2023-04-01 03:00:00,39,23,0.0,11.6,7,74,02:37 PM,02:49 AM,05:42 AM,05:56 PM,19,25,25,23,26,9,76,0.0,1012,23,10,76,19,Managua
2023-04-01 04:00:00,39,23,0.0,11.6,7,74,02:37 PM,02:49 AM,05:42 AM,05:56 PM,19,25,25,23,28,31,77,0.0,1013,23,10,77,21,Managua
2023-04-01 05:00:00,39,23,0.0,11.6,7,74,02:37 PM,02:49 AM,05:42 AM,05:56 PM,18,26,26,24,29,17,72,0.0,1013,24,10,75,22,Managua
2023-04-01 06:00:00,39,23,0.0,11.6,7,74,02:37 PM,02:49 AM,05:42 AM,05:56 PM,18,26,26,24,28,6,68,0.0,1013,24,10,76,22,Managua
2023-04-01 07:00:00,39,23,0.0,11.6,7,74,02:37 PM,02:49 AM,05:42 AM,05:56 PM,18,27,27,26,30,29,64,0.0,1014,26,10,73,26,Managua
2023-04-01 08:00:00,39,23,0.0,11.6,7,74,02:37 PM,02:49 AM,05:42 AM,05:56 PM,18,28,28,27,35,9,56,0.0,1014,27,10,71,31,Managua
2023-04-01 09:00:00,39,23,0.0,11.6,7,74,02:37 PM,02:49 AM,05:42 AM,05:56 PM,17,30,30,30,37,3,46,0.0,1014,30,10,75,32,Managua
2023-04-01 10:00:00,39,23,0.0,11.6,7,74,02:37 PM,02:49 AM,05:42 AM,05:56 PM,16,32,32,31,38,3,39,0.0,1014,31,10,73,33,Managua
2023-04-01 11:00:00,39,23,0.0,11.6,7,74,02:37 PM,02:49 AM,05:42 AM,05:56 PM,16,37,37,36,36,6,32,0.0,1013,36,10,76,31,Managua
2023-04-01 12:00:00,39,23,0.0,11.6,7,74,02:37 PM,02:49 AM,05:42 AM,05:56 PM,16,38,38,37,35,7,29,0.0,1012,37,10,77,30,Managua
2023-04-01 13:00:00,39,23,0.0,11.6,7,74,02:37 PM,02:49 AM,05:42 AM,05:56 PM,18,40,40,38,35,11,31,0.0,1010,38,10,68,30,Managua
2023-04-01 14:00:00,39,23,0.0,11.6,7,74,02:37 PM,02:49 AM,05:42 AM,05:56 PM,17,40,40,38,33,8,30,0.0,1009,38,10,77,28,Managua
2023-04-01 15:00:00,39,23,0.0,11.6,7,74,02:37 PM,02:49 AM,05:42 AM,05:56 PM,16,40,40,39,30,4,27,0.0,1008,39,10,88,26,Managua
2023-04-01 16:00:00,39,23,0.0,11.6,7,74,02:37 PM,02:49 AM,05:42 AM,05:56 PM,14,38,38,38,33,3,25,0.0,1008,38,10,89,28,Managua
2023-04-01 17:00:00,39,23,0.0,11.6,7,74,02:37 PM,02:49 AM,05:42 AM,05:56 PM,14,36,36,36,32,4,27,0.0,1009,36,10,90,28,Managua
2023-04-01 18:00:00,39,23,0.0,11.6,7,74,02:37 PM,02:49 AM,05:42 AM,05:56 PM,15,33,33,33,30,6,34,0.0,1010,33,10,94,26,Managua
2023-04-01 19:00:00,39,23,0.0,11.6,7,74,02:37 PM,02:49 AM,05:42 AM,05:56 PM,16,31,31,30,37,16,42,0.0,1011,30,10,93,27,Managua
2023-04-01 20:00:00,39,23,0.0,11.6,7,74,02:37 PM,02:49 AM,05:42 AM,05:56 PM,18,30,30,29,35,10,51,0.0,1013,29,10,92,27,Managua
2023-04-01 21:00:00,39,23,0.0,11.6,7,74,02:37 PM,02:49 AM,05:42 AM,05:56 PM,19,29,29,28,30,6,58,0.0,1013,28,10,89,24,Managua
2023-04-01 22:00:00,39,23,0.0,11.6,7,74,02:37 PM,02:49 AM,05:42 AM,05:56 PM,19,28,28,27,26,5,63,0.0,1014,27,10,86,21,Managua
2023-04-01 23:00:00,39,23,0.0,11.6,7,74,02:37 PM,02:49 AM,05:42 AM,05:56 PM,20,28,28,26,23,7,67,0.0,1014,26,10,79,19,Managua
2023-04-02 00:00:00,36,24,0.0,10.2,7,82,03:25 PM,03:30 AM,05:41 AM,05:57 PM,19,27,27,25,28,1,67,0.0,1013,25,10,74,21,Managua
2023-04-02 01:00:00,36,24,0.0,10.2,7,82,03:25 PM,03:30 AM,05:41 AM,05:57 PM,19,26,26,25,27,14,73,0.0,1013,25,10,68,21,Managua
2023-04-02 02:00:00,36,24,0.0,10.2,7,82,03:25 PM,03:30 AM,05:41 AM,05:57 PM,20,26,26,25,26,17,74,0.0,1012,25,10,67,20,Managua
2023-04-02 03:00:00,36,24,0.0,10.2,7,82,03:25 PM,03:30 AM,05:41 AM,05:57 PM,19,26,26,24,25,22,74,0.0,1012,24,10,66,20,Managua
2023-04-02 04:00:00,36,24,0.0,10.2,7,82,03:25 PM,03:30 AM,05:41 AM,05:57 PM,19,26,26,24,26,47,73,0.0,1012,24,10,65,20,Managua
2023-04-02 05:00:00,36,24,0.0,10.2,7,82,03:25 PM,03:30 AM,05:41 AM,05:57 PM,19,26,26,25,27,60,72,0.0,1013,25,10,66,21,Managua
2023-04-02 06:00:00,36,24,0.0,10.2,7,82,03:25 PM,03:30 AM,05:41 AM,05:57 PM,19,26,26,25,27,59,71,0.0,1013,25,10,67,21,Managua
2023-04-02 07:00:00,36,24,0.0,10.2,7,82,03:25 PM,03:30 AM,05:41 AM,05:57 PM,19,27,27,26,28,56,66,0.0,1014,26,10,67,24,Managua
2023-04-02 08:00:00,36,24,0.0,10.2,7,82,03:25 PM,03:30 AM,05:41 AM,05:57 PM,19,29,29,27,32,27,61,0.0,1014,27,10,66,28,Managua
2023-04-02 09:00:00,36,24,0.0,10.2,7,82,03:25 PM,03:30 AM,05:41 AM,05:57 PM,19,30,30,29,33,70,55,0.0,1014,29,10,64,29,Managua
2023-04-02 10:00:00,36,24,0.0,10.2,7,82,03:25 PM,03:30 AM,05:41 AM,05:57 PM,18,32,32,31,33,33,48,0.0,1013,31,10,68,29,Managua
2023-04-02 11:00:00,36,24,0.0,10.2,7,82,03:25 PM,03:30 AM,05:41 AM,05:57 PM,18,35,35,33,35,43,41,0.0,1012,33,10,72,30,Managua
2023-04-02 12:00:00,36,24,0.0,10.2,7,82,03:25 PM,03:30 AM,05:41 AM,05:57 PM,18,36,36,35,35,27,36,0.0,1011,35,10,75,30,Managua
2023-04-02 13:00:00,36,24,0.0,10.2,7,82,03:25 PM,03:30 AM,05:41 AM,05:57 PM,17,37,37,36,33,15,33,0.0,1009,36,10,77,29,Managua
2023-04-02 14:00:00,36,24,0.0,10.2,7,82,03:25 PM,03:30 AM,05:41 AM,05:57 PM,17,37,37,36,36,29,32,0.0,1008,36,10,71,32,Managua
2023-04-02 15:00:00,36,24,0.0,10.2,7,82,03:25 PM,03:30 AM,05:41 AM,05:57 PM,17,36,36,35,39,18,35,0.0,1008,35,10,63,33,Managua
2023-04-02 16:00:00,36,24,0.0,10.2,7,82,03:25 PM,03:30 AM,05:41 AM,05:57 PM,18,34,34,32,38,29,42,0.0,1008,32,10,64,33,Managua
2023-04-02 17:00:00,36,24,0.0,10.2,7,82,03:25 PM,03:30 AM,05:41 AM,05:57 PM,17,33,33,32,30,17,42,0.0,1009,32,10,63,26,Managua
2023-04-02 18:00:00,36,24,0.0,10.2,7,82,03:25 PM,03:30 AM,05:41 AM,05:57 PM,17,33,33,32,25,11,42,0.0,1009,32,10,64,22,Managua
2023-04-02 19:00:00,36,24,0.0,10.2,7,82,03:25 PM,03:30 AM,05:41 AM,05:57 PM,15,31,31,30,29,4,40,0.0,1010,30,10,78,23,Managua
2023-04-02 20:00:00,36,24,0.0,10.2,7,82,03:25 PM,03:30 AM,05:41 AM,05:57 PM,15,28,28,28,36,0,43,0.0,1011,28,10,94,27,Managua
2023-04-02 21:00:00,36,24,0.0,10.2,7,82,03:25 PM,03:30 AM,05:41 AM,05:57 PM,16,27,27,27,32,0,50,0.0,1011,27,10,95,24,Managua
2023-04-02 22:00:00,36,24,0.0,10.2,7,82,03:25 PM,03:30 AM,05:41 AM,05:57 PM,17,27,27,26,28,0,58,0.0,1012,26,10,91,22,Managua
2023-04-02 23:00:00,36,24,0.0,10.2,7,82,03:25 PM,03:30 AM,05:41 AM,05:57 PM,19,27,27,25,28,0,66,0.0,1012,25,10,84,22,Managua
2023-04-03 00:00:00,38,24,0.0,11.6,7,89,04:12 PM,04:07 AM,05:41 AM,05:57 PM,18,27,27,25,28,3,65,0.0,1012,25,10,78,22,Managua
2023-04-03 01:00:00,38,24,0.0,11.6,7,89,04:12 PM,04:07 AM,05:41 AM,05:57 PM,18,26,26,25,28,3,67,0.0,1011,25,10,77,22,Managua
2023-04-03 02:00:00,38,24,0.0,11.6,7,89,04:12 PM,04:07 AM,05:41 AM,05:57 PM,19,26,26,24,28,12,72,0.0,1010,24,10,76,22,Managua
2023-04-03 03:00:00,38,24,0.0,11.6,7,89,04:12 PM,04:07 AM,05:41 AM,05:57 PM,19,26,26,24,27,31,74,0.0,1010,24,10,72,21,Managua
2023-04-03 04:00:00,38,24,0.0,11.6,7,89,04:12 PM,04:07 AM,05:41 AM,05:57 PM,19,26,26,24,26,7,71,0.0,1010,24,10,77,20,Managua
2023-04-03 05:00:00,38,24,0.0,11.6,7,89,04:12 PM,04:07 AM,05:41 AM,05:57 PM,18,26,26,24,26,4,69,0.0,1011,24,10,77,19,Managua
2023-04-03 06:00:00,38,24,0.0,11.6,7,89,04:12 PM,04:07 AM,05:41 AM,05:57 PM,18,26,26,24,23,3,68,0.0,1011,24,10,78,17,Managua
2023-04-03 07:00:00,38,24,0.0,11.6,7,89,04:12 PM,04:07 AM,05:41 AM,05:57 PM,17,27,27,26,24,5,59,0.0,1012,26,10,74,21,Managua
2023-04-03 08:00:00,38,24,0.0,11.6,7,89,04:12 PM,04:07 AM,05:41 AM,05:57 PM,17,29,29,28,27,4,50,0.0,1012,28,10,74,23,Managua
2023-04-03 09:00:00,38,24,0.0,11.6,7,89,04:12 PM,04:07 AM,05:41 AM,05:57 PM,16,31,31,30,29,4,41,0.0,1012,30,10,79,25,Managua
2023-04-03 10:00:00,38,24,0.0,11.6,7,89,04:12 PM,04:07 AM,05:41 AM,05:57 PM,15,32,32,32,31,6,35,0.0,1012,32,10,82,27,Managua
2023-04-03 11:00:00,38,24,0.0,11.6,7,89,04:12 PM,04:07 AM,05:41 AM,05:57 PM,16,36,36,35,31,15,33,0.0,1011,35,10,83,27,Managua
2023-04-03 12:00:00,38,24,0.0,11.6,7,89,04:12 PM,04:07 AM,05:41 AM,05:57 PM,17,37,37,36,28,15,32,0.0,1010,36,10,83,24,Managua
2023-04-03 13:00:00,38,24,0.0,11.6,7,89,04:12 PM,04:07 AM,05:41 AM,05:57 PM,19,42,42,38,26,12,32,0.0,1008,38,10,85,23,Managua
2023-04-03 14:00:00,38,24,0.0,11.6,7,89,04:12 PM,04:07 AM,05:41 AM,05:57 PM,17,38,38,37,28,18,33,0.0,1007,37,10,94,25,Managua
2023-04-03 15:00:00,38,24,0.0,11.6,7,89,04:12 PM,04:07 AM,05:41 AM,05:57 PM,18,38,38,35,32,16,36,0.0,1007,35,10,110,28,Managua
2023-04-03 16:00:00,38,24,0.0,11.6,7,89,04:12 PM,04:07 AM,05:41 AM,05:57 PM,19,40,40,36,27,9,37,0.0,1007,36,10,117,23,Managua
2023-04-03 17:00:00,38,24,0.0,11.6,7,89,04:12 PM,04:07 AM,05:41 AM,05:57 PM,18,37,37,35,24,11,37,0.0,1007,35,10,117,21,Managua
2023-04-03 18:00:00,38,24,0.0,11.6,7,89,04:12 PM,04:07 AM,05:41 AM,05:57 PM,18,34,34,32,22,11,43,0.0,1007,32,10,128,19,Managua
2023-04-03 19:00:00,38,24,0.0,11.6,7,89,04:12 PM,04:07 AM,05:41 AM,05:57 PM,17,32,32,31,30,8,45,0.0,1009,31,10,106,23,Managua
2023-04-03 20:00:00,38,24,0.0,11.6,7,89,04:12 PM,04:07 AM,05:41 AM,05:57 PM,18,30,30,29,36,7,50,0.0,1010,29,10,96,28,Managua
2023-04-03 21:00:00,38,24,0.0,11.6,7,89,04:12 PM,04:07 AM,05:41 AM,05:57 PM,18,29,29,28,33,6,57,0.0,1011,28,10,97,26,Managua
2023-04-03 22:00:00,38,24,0.0,11.6,7,89,04:12 PM,04:07 AM,05:41 AM,05:57 PM,19,28,28,27,30,5,63,0.0,1011,27,10,99,24,Managua
2023-04-03 23:00:00,38,24,0.0,11.6,7,89,04:12 PM,04:07 AM,05:41 AM,05:57 PM,20,28,28,26,27,4,67,0.0,1012,26,10,93,22,Managua
2023-04-04 00:00:00,39,23,0.0,11.6,7,97,04:58 PM,04:43 AM,05:40 AM,05:57 PM,19,27,27,25,27,7,67,0.0,1011,25,10,86,21,Managua
2023-04-04 01:00:00,39,23,0.0,11.6,7,97,04:58 PM,04:43 AM,05:40 AM,05:57 PM,18,26,26,25,24,6,68,0.0,1011,25,10,82,19,Managua
2023-04-04 02:00:00,39,23,0.0,11.6,7,97,04:58 PM,04:43 AM,05:40 AM,05:57 PM,18,26,26,24,22,5,71,0.0,1010,24,10,77,17,Managua
2023-04-04 03:00:00,39,23,0.0,11.6,7,97,04:58 PM,04:43 AM,05:40 AM,05:57 PM,19,26,26,24,19,7,73,0.0,1010,24,10,73,14,Managua
2023-04-04 04:00:00,39,23,0.0,11.6,7,97,04:58 PM,04:43 AM,05:40 AM,05:57 PM,19,25,25,24,18,2,75,0.0,1010,24,10,69,13,Managua
2023-04-04 05:00:00,39,23,0.0,11.6,7,97,04:58 PM,04:43 AM,05:40 AM,05:57 PM,19,25,25,23,17,3,76,0.0,1011,23,10,65,12,Managua
2023-04-04 06:00:00,39,23,0.0,11.6,7,97,04:58 PM,04:43 AM,05:40 AM,05:57 PM,19,25,25,23,16,4,76,0.0,1011,23,10,62,12,Managua
2023-04-04 07:00:00,39,23,0.0,11.6,7,97,04:58 PM,04:43 AM,05:40 AM,05:57 PM,19,27,27,25,18,5,67,0.0,1012,25,10,60,16,Managua
2023-04-04 08:00:00,39,23,0.0,11.6,7,97,04:58 PM,04:43 AM,05:40 AM,05:57 PM,18,29,29,28,23,4,57,0.0,1012,28,10,66,20,Managua
2023-04-04 09:00:00,39,23,0.0,11.6,7,97,04:58 PM,04:43 AM,05:40 AM,05:57 PM,18,31,31,30,23,8,49,0.0,1012,30,10,75,20,Managua
2023-04-04 10:00:00,39,23,0.0,11.6,7,97,04:58 PM,04:43 AM,05:40 AM,05:57 PM,18,33,33,32,25,10,43,0.0,1011,32,10,84,22,Managua
2023-04-04 11:00:00,39,23,0.0,11.6,7,97,04:58 PM,04:43 AM,05:40 AM,05:57 PM,18,37,37,35,26,21,38,0.0,1010,35,10,86,22,Managua
2023-04-04 12:00:00,39,23,0.0,11.6,7,97,04:58 PM,04:43 AM,05:40 AM,05:57 PM,18,38,38,36,24,18,35,0.0,1009,36,10,85,21,Managua
2023-04-04 13:00:00,39,23,0.0,11.6,7,97,04:58 PM,04:43 AM,05:40 AM,05:57 PM,19,42,42,38,23,14,34,0.0,1008,38,10,87,20,Managua
2023-04-04 14:00:00,39,23,0.0,11.6,7,97,04:58 PM,04:43 AM,05:40 AM,05:57 PM,20,43,43,39,23,14,33,0.0,1007,39,10,95,20,Managua
2023-04-04 15:00:00,39,23,0.0,11.6,7,97,04:58 PM,04:43 AM,05:40 AM,05:57 PM,18,39,39,36,26,20,34,0.0,1006,36,10,108,23,Managua
2023-04-04 16:00:00,39,23,0.0,11.6,7,97,04:58 PM,04:43 AM,05:40 AM,05:57 PM,20,41,41,37,32,13,37,0.0,1006,37,10,109,28,Managua
2023-04-04 17:00:00,39,23,0.0,11.6,7,97,04:58 PM,04:43 AM,05:40 AM,05:57 PM,20,38,38,35,33,15,41,0.0,1007,35,10,102,28,Managua
2023-04-04 18:00:00,39,23,0.0,11.6,7,97,04:58 PM,04:43 AM,05:40 AM,05:57 PM,19,35,35,32,30,11,47,0.0,1008,32,10,101,26,Managua
2023-04-04 19:00:00,39,23,0.0,11.6,7,97,04:58 PM,04:43 AM,05:40 AM,05:57 PM,19,32,32,30,31,10,51,0.0,1009,30,10,100,26,Managua
2023-04-04 20:00:00,39,23,0.0,11.6,7,97,04:58 PM,04:43 AM,05:40 AM,05:57 PM,19,31,31,29,36,5,54,0.0,1009,29,10,102,27,Managua
2023-04-04 21:00:00,39,23,0.0,11.6,7,97,04:58 PM,04:43 AM,05:40 AM,05:57 PM,21,30,30,28,33,4,64,0.0,1011,28,10,109,28,Managua
2023-04-04 22:00:00,39,23,0.0,11.6,7,97,04:58 PM,04:43 AM,05:40 AM,05:57 PM,21,29,29,27,28,5,70,0.0,1011,27,10,103,23,Managua
2023-04-04 23:00:00,39,23,0.0,11.6,7,97,04:58 PM,04:43 AM,05:40 AM,05:57 PM,21,29,29,26,23,4,72,0.0,1012,26,10,96,19,Managua
2023-04-05 00:00:00,39,24,0.0,11.6,8,100,05:46 PM,05:20 AM,05:39 AM,05:57 PM,20,28,28,26,24,8,72,0.0,1011,26,10,83,19,Managua
2023-04-05 01:00:00,39,24,0.0,11.6,8,100,05:46 PM,05:20 AM,05:39 AM,05:57 PM,20,27,27,25,23,24,74,0.0,1011,25,10,75,18,Managua
2023-04-05 02:00:00,39,24,0.0,11.6,8,100,05:46 PM,05:20 AM,05:39 AM,05:57 PM,20,27,27,25,20,33,76,0.0,1011,25,10,74,16,Managua
2023-04-05 03:00:00,39,24,0.0,11.6,8,100,05:46 PM,05:20 AM,05:39 AM,05:57 PM,20,26,26,25,19,35,77,0.0,1011,25,10,72,14,Managua
2023-04-05 04:00:00,39,24,0.0,11.6,8,100,05:46 PM,05:20 AM,05:39 AM,05:57 PM,20,26,26,24,16,12,76,0.0,1011,24,10,76,12,Managua
2023-04-05 05:00:00,39,24,0.0,11.6,8,100,05:46 PM,05:20 AM,05:39 AM,05:57 PM,20,26,26,24,14,2,76,0.0,1011,24,10,77,10,Managua
2023-04-05 06:00:00,39,24,0.0,11.6,8,100,05:46 PM,05:20 AM,05:39 AM,05:57 PM,20,26,26,24,13,0,76,0.0,1012,24,10,71,9,Managua
2023-04-05 07:00:00,39,24,0.0,11.6,8,100,05:46 PM,05:20 AM,05:39 AM,05:57 PM,19,27,27,26,16,0,68,0.0,1012,26,10,69,14,Managua
2023-04-05 08:00:00,39,24,0.0,11.6,8,100,05:46 PM,05:20 AM,05:39 AM,05:57 PM,19,29,29,28,21,2,59,0.0,1013,28,10,75,18,Managua
2023-04-05 09:00:00,39,24,0.0,11.6,8,100,05:46 PM,05:20 AM,05:39 AM,05:57 PM,18,31,31,30,23,7,50,0.0,1013,30,10,77,20,Managua
2023-04-05 10:00:00,39,24,0.0,11.6,8,100,05:46 PM,05:20 AM,05:39 AM,05:57 PM,18,33,33,32,24,12,43,0.0,1012,32,10,79,21,Managua
2023-04-05 11:00:00,39,24,0.0,11.6,8,100,05:46 PM,05:20 AM,05:39 AM,05:57 PM,18,37,37,35,24,22,37,0.0,1011,35,10,82,21,Managua
2023-04-05 12:00:00,39,24,0.0,11.6,8,100,05:46 PM,05:20 AM,05:39 AM,05:57 PM,19,41,41,38,22,11,33,0.0,1010,38,10,90,19,Managua
2023-04-05 13:00:00,39,24,0.0,11.6,8,100,05:46 PM,05:20 AM,05:39 AM,05:57 PM,18,41,41,39,22,7,30,0.0,1009,39,10,96,19,Managua
2023-04-05 14:00:00,39,24,0.0,11.6,8,100,05:46 PM,05:20 AM,05:39 AM,05:57 PM,18,42,42,39,22,5,28,0.0,1008,39,10,97,19,Managua
2023-04-05 15:00:00,39,24,0.0,11.6,8,100,05:46 PM,05:20 AM,05:39 AM,05:57 PM,18,42,42,39,22,9,29,0.0,1007,39,10,103,19,Managua
2023-04-05 16:00:00,39,24,0.0,11.6,8,100,05:46 PM,05:20 AM,05:39 AM,05:57 PM,18,40,40,38,24,10,32,0.0,1006,38,10,121,21,Managua
2023-04-05 17:00:00,39,24,0.0,11.6,8,100,05:46 PM,05:20 AM,05:39 AM,05:57 PM,17,35,35,34,24,20,38,0.0,1007,34,10,117,21,Managua
2023-04-05 18:00:00,39,24,0.0,11.6,8,100,05:46 PM,05:20 AM,05:39 AM,05:57 PM,19,34,34,32,17,10,45,0.0,1008,32,10,125,15,Managua
2023-04-05 19:00:00,39,24,0.0,11.6,8,100,05:46 PM,05:20 AM,05:39 AM,05:57 PM,19,32,32,30,23,6,51,0.0,1009,30,10,131,17,Managua
2023-04-05 20:00:00,39,24,0.0,11.6,8,100,05:46 PM,05:20 AM,05:39 AM,05:57 PM,19,31,31,30,32,12,53,0.0,1010,30,10,108,24,Managua
2023-04-05 21:00:00,39,24,0.0,11.6,8,100,05:46 PM,05:20 AM,05:39 AM,05:57 PM,19,30,30,28,32,5,59,0.0,1011,28,10,102,26,Managua
2023-04-05 22:00:00,39,24,0.0,11.6,8,100,05:46 PM,05:20 AM,05:39 AM,05:57 PM,20,29,29,27,24,5,66,0.0,1012,27,10,103,19,Managua
2023-04-05 23:00:00,39,24,0.0,11.6,8,100,05:46 PM,05:20 AM,05:39 AM,05:57 PM,20,28,28,27,23,5,68,0.0,1012,27,10,97,19,Managua
2023-04-06 00:00:00,36,24,0.0,11.6,7,88,06:34 PM,05:57 AM,05:39 AM,05:57 PM,20,28,28,26,24,4,70,0.0,1012,26,10,85,19,Managua
2023-04-06 01:00:00,36,24,0.0,11.6,7,88,06:34 PM,05:57 AM,05:39 AM,05:57 PM,20,27,27,25,24,10,73,0.0,1011,25,10,82,18,Managua
2023-04-06 02:00:00,36,24,0.0,11.6,7,88,06:34 PM,05:57 AM,05:39 AM,05:57 PM,20,26,26,24,22,35,78,0.0,1011,24,10,82,17,Managua
2023-04-06 03:00:00,36,24,0.0,11.6,7,88,06:34 PM,05:57 AM,05:39 AM,05:57 PM,20,26,26,24,22,44,78,0.0,1011,24,10,82,17,Managua
2023-04-06 04:00:00,36,24,0.0,11.6,7,88,06:34 PM,05:57 AM,05:39 AM,05:57 PM,20,26,26,25,20,32,74,0.0,1011,25,10,80,15,Managua
2023-04-06 05:00:00,36,24,0.0,11.6,7,88,06:34 PM,05:57 AM,05:39 AM,05:57 PM,19,26,26,25,19,10,72,0.0,1012,25,10,76,14,Managua
2023-04-06 06:00:00,36,24,0.0,11.6,7,88,06:34 PM,05:57 AM,05:39 AM,05:57 PM,19,26,26,25,19,0,72,0.0,1012,25,10,71,14,Managua
2023-04-06 07:00:00,36,24,0.0,11.6,7,88,06:34 PM,05:57 AM,05:39 AM,05:57 PM,19,28,28,26,20,2,65,0.0,1013,26,10,71,17,Managua
2023-04-06 08:00:00,36,24,0.0,11.6,7,88,06:34 PM,05:57 AM,05:39 AM,05:57 PM,18,29,29,28,25,0,55,0.0,1013,28,10,71,22,Managua
2023-04-06 09:00:00,36,24,0.0,11.6,7,88,06:34 PM,05:57 AM,05:39 AM,05:57 PM,18,31,31,30,27,0,47,0.0,1013,30,10,76,24,Managua
2023-04-06 10:00:00,36,24,0.0,11.6,7,88,06:34 PM,05:57 AM,05:39 AM,05:57 PM,17,33,33,32,28,10,41,0.0,1012,32,10,75,24,Managua
2023-04-06 11:00:00,36,24,0.0,11.6,7,88,06:34 PM,05:57 AM,05:39 AM,05:57 PM,18,36,36,34,28,46,39,0.0,1011,34,10,74,24,Managua
2023-04-06 12:00:00,36,24,0.0,11.6,7,88,06:34 PM,05:57 AM,05:39 AM,05:57 PM,19,36,36,34,30,45,41,0.0,1011,34,10,81,26,Managua
2023-04-06 13:00:00,36,24,0.0,11.6,7,88,06:34 PM,05:57 AM,05:39 AM,05:57 PM,18,35,35,33,30,46,41,0.0,1009,33,10,86,26,Managua
2023-04-06 14:00:00,36,24,0.0,11.6,7,88,06:34 PM,05:57 AM,05:39 AM,05:57 PM,18,36,36,34,22,17,37,0.0,1008,34,10,92,19,Managua
2023-04-06 15:00:00,36,24,0.0,11.6,7,88,06:34 PM,05:57 AM,05:39 AM,05:57 PM,16,37,37,36,19,21,30,0.0,1007,36,10,92,17,Managua
2023-04-06 16:00:00,36,24,0.0,11.6,7,88,06:34 PM,05:57 AM,05:39 AM,05:57 PM,15,36,36,36,21,32,28,0.0,1006,36,10,91,18,Managua
2023-04-06 17:00:00,36,24,0.0,11.6,7,88,06:34 PM,05:57 AM,05:39 AM,05:57 PM,16,35,35,34,21,51,33,0.0,1007,34,10,85,18,Managua
2023-04-06 18:00:00,36,24,0.0,11.6,7,88,06:34 PM,05:57 AM,05:39 AM,05:57 PM,16,32,32,32,23,54,38,0.0,1008,32,10,115,16,Managua
2023-04-06 19:00:00,36,24,0.0,11.6,7,88,06:34 PM,05:57 AM,05:39 AM,05:57 PM,18,32,32,31,22,14,45,0.0,1009,31,10,114,18,Managua
2023-04-06 20:00:00,36,24,0.0,11.6,7,88,06:34 PM,05:57 AM,05:39 AM,05:57 PM,19,31,31,29,31,12,53,0.0,1011,29,10,101,24,Managua
2023-04-06 21:00:00,36,24,0.0,11.6,7,88,06:34 PM,05:57 AM,05:39 AM,05:57 PM,19,29,29,28,29,6,59,0.0,1012,28,10,104,23,Managua
2023-04-06 22:00:00,36,24,0.0,11.6,7,88,06:34 PM,05:57 AM,05:39 AM,05:57 PM,19,29,29,27,27,4,61,0.0,1012,27,10,103,22,Managua
2023-04-06 23:00:00,36,24,0.0,11.6,7,88,06:34 PM,05:57 AM,05:39 AM,05:57 PM,19,28,28,26,23,4,64,0.0,1013,26,10,94,19,Managua
2023-04-07 00:00:00,38,24,0.0,11.6,7,81,07:26 PM,06:36 AM,05:38 AM,05:57 PM,19,27,27,25,24,4,70,0.0,1013,25,10,88,20,Managua
2023-04-07 01:00:00,38,24,0.0,11.6,7,81,07:26 PM,06:36 AM,05:38 AM,05:57 PM,20,26,26,25,23,19,75,0.0,1012,25,10,87,18,Managua
2023-04-07 02:00:00,38,24,0.0,11.6,7,81,07:26 PM,06:36 AM,05:38 AM,05:57 PM,20,26,26,24,22,37,78,0.0,1011,24,10,82,17,Managua
2023-04-07 03:00:00,38,24,0.0,11.6,7,81,07:26 PM,06:36 AM,05:38 AM,05:57 PM,20,26,26,24,21,40,77,0.0,1011,24,10,77,17,Managua
2023-04-07 04:00:00,38,24,0.0,11.6,7,81,07:26 PM,06:36 AM,05:38 AM,05:57 PM,19,26,26,24,24,55,73,0.0,1011,24,10,76,19,Managua
2023-04-07 05:00:00,38,24,0.0,11.6,7,81,07:26 PM,06:36 AM,05:38 AM,05:57 PM,18,26,26,24,25,35,69,0.0,1012,24,10,74,19,Managua
2023-04-07 06:00:00,38,24,0.0,11.6,7,81,07:26 PM,06:36 AM,05:38 AM,05:57 PM,18,26,26,25,24,11,66,0.0,1012,25,10,75,19,Managua
2023-04-07 07:00:00,38,24,0.0,11.6,7,81,07:26 PM,06:36 AM,05:38 AM,05:57 PM,18,27,27,26,26,3,60,0.0,1013,26,10,74,22,Managua
2023-04-07 08:00:00,38,24,0.0,11.6,7,81,07:26 PM,06:36 AM,05:38 AM,05:57 PM,17,29,29,28,29,0,51,0.0,1013,28,10,72,25,Managua
2023-04-07 09:00:00,38,24,0.0,11.6,7,81,07:26 PM,06:36 AM,05:38 AM,05:57 PM,16,30,30,30,30,0,43,0.0,1013,30,10,75,26,Managua
2023-04-07 10:00:00,38,24,0.0,11.6,7,81,07:26 PM,06:36 AM,05:38 AM,05:57 PM,16,32,32,31,28,5,40,0.0,1013,31,10,77,25,Managua
2023-04-07 11:00:00,38,24,0.0,11.6,7,81,07:26 PM,06:36 AM,05:38 AM,05:57 PM,17,35,35,34,27,17,37,0.0,1012,34,10,82,23,Managua
2023-04-07 12:00:00,38,24,0.0,11.6,7,81,07:26 PM,06:36 AM,05:38 AM,05:57 PM,18,39,39,37,25,14,34,0.0,1011,37,10,82,22,Managua
2023-04-07 13:00:00,38,24,0.0,11.6,7,81,07:26 PM,06:36 AM,05:38 AM,05:57 PM,18,40,40,38,22,8,31,0.0,1009,38,10,76,19,Managua
2023-04-07 14:00:00,38,24,0.0,11.6,7,81,07:26 PM,06:36 AM,05:38 AM,05:57 PM,17,41,41,38,20,8,29,0.0,1007,38,10,77,18,Managua
2023-04-07 15:00:00,38,24,0.0,11.6,7,81,07:26 PM,06:36 AM,05:38 AM,05:57 PM,16,37,37,36,20,23,30,0.0,1007,36,10,99,17,Managua
2023-04-07 16:00:00,38,24,0.0,11.6,7,81,07:26 PM,06:36 AM,05:38 AM,05:57 PM,16,36,36,35,26,32,33,0.0,1006,35,10,125,23,Managua
2023-04-07 17:00:00,38,24,0.0,11.6,7,81,07:26 PM,06:36 AM,05:38 AM,05:57 PM,16,34,34,33,28,30,37,0.0,1007,33,10,127,24,Managua
2023-04-07 18:00:00,38,24,0.0,11.6,7,81,07:26 PM,06:36 AM,05:38 AM,05:57 PM,17,32,32,31,26,17,42,0.0,1008,31,10,128,19,Managua
2023-04-07 19:00:00,38,24,0.0,11.6,7,81,07:26 PM,06:36 AM,05:38 AM,05:57 PM,17,31,31,30,29,8,46,0.0,1009,30,10,115,24,Managua
2023-04-07 20:00:00,38,24,0.0,11.6,7,81,07:26 PM,06:36 AM,05:38 AM,05:57 PM,17,30,30,29,36,10,48,0.0,1010,29,10,98,27,Managua
2023-04-07 21:00:00,38,24,0.0,11.6,7,81,07:26 PM,06:36 AM,05:38 AM,05:57 PM,18,29,29,28,29,7,54,0.0,1011,28,10,107,23,Managua
2023-04-07 22:00:00,38,24,0.0,11.6,7,81,07:26 PM,06:36 AM,05:38 AM,05:57 PM,18,28,28,27,22,9,60,0.0,1012,27,10,111,18,Managua
2023-04-07 23:00:00,38,24,0.0,11.6,7,81,07:26 PM,06:36 AM,05:38 AM,05:57 PM,18,27,27,26,22,6,63,0.0,1012,26,10,104,18,Managua
2023-04-08 00:00:00,38,23,0.0,11.6,7,73,08:21 PM,07:19 AM,05:38 AM,05:57 PM,19,27,27,25,24,6,67,0.0,1012,25,10,90,19,Managua
2023-04-08 01:00:00,38,23,0.0,11.6,7,73,08:21 PM,07:19 AM,05:38 AM,05:57 PM,19,26,26,25,22,10,70,0.0,1012,25,10,80,17,Managua
2023-04-08 02:00:00,38,23,0.0,11.6,7,73,08:21 PM,07:19 AM,05:38 AM,05:57 PM,19,26,26,24,18,28,74,0.0,1011,24,10,76,14,Managua
2023-04-08 03:00:00,38,23,0.0,11.6,7,73,08:21 PM,07:19 AM,05:38 AM,05:57 PM,20,26,26,24,17,28,77,0.0,1011,24,10,78,13,Managua
2023-04-08 04:00:00,38,23,0.0,11.6,7,73,08:21 PM,07:19 AM,05:38 AM,05:57 PM,20,26,26,24,17,25,78,0.0,1012,24,10,83,13,Managua
2023-04-08 05:00:00,38,23,0.0,11.6,7,73,08:21 PM,07:19 AM,05:38 AM,05:57 PM,19,25,25,23,17,25,78,0.0,1013,23,10,92,13,Managua
2023-04-08 06:00:00,38,23,0.0,11.6,7,73,08:21 PM,07:19 AM,05:38 AM,05:57 PM,19,26,26,24,19,29,75,0.0,1013,24,10,92,14,Managua
2023-04-08 07:00:00,38,23,0.0,11.6,7,73,08:21 PM,07:19 AM,05:38 AM,05:57 PM,18,27,27,26,22,19,64,0.0,1014,26,10,81,19,Managua
2023-04-08 08:00:00,38,23,0.0,11.6,7,73,08:21 PM,07:19 AM,05:38 AM,05:57 PM,18,28,28,27,24,4,56,0.0,1014,27,10,78,21,Managua
2023-04-08 09:00:00,38,23,0.0,11.6,7,73,08:21 PM,07:19 AM,05:38 AM,05:57 PM,17,30,30,29,23,3,49,0.0,1014,29,10,85,20,Managua
2023-04-08 10:00:00,38,23,0.0,11.6,7,73,08:21 PM,07:19 AM,05:38 AM,05:57 PM,17,32,32,31,22,3,42,0.0,1013,31,10,92,19,Managua
2023-04-08 11:00:00,38,23,0.0,11.6,7,73,08:21 PM,07:19 AM,05:38 AM,05:57 PM,19,38,38,36,22,6,37,0.0,1012,36,10,97,19,Managua
2023-04-08 12:00:00,38,23,0.0,11.6,7,73,08:21 PM,07:19 AM,05:38 AM,05:57 PM,18,39,39,37,22,10,34,0.0,1011,37,10,102,19,Managua
2023-04-08 13:00:00,38,23,0.0,11.6,7,73,08:21 PM,07:19 AM,05:38 AM,05:57 PM,18,40,40,38,22,9,31,0.0,1009,38,10,105,19,Managua
2023-04-08 14:00:00,38,23,0.0,11.6,7,73,08:21 PM,07:19 AM,05:38 AM,05:57 PM,17,40,40,38,22,9,29,0.0,1008,38,10,108,19,Managua
2023-04-08 15:00:00,38,23,0.0,11.6,7,73,08:21 PM,07:19 AM,05:38 AM,05:57 PM,17,40,40,38,24,11,29,0.0,1007,38,10,111,21,Managua
2023-04-08 16:00:00,38,23,0.0,11.6,7,73,08:21 PM,07:19 AM,05:38 AM,05:57 PM,16,39,39,37,26,7,29,0.0,1006,37,10,110,22,Managua
2023-04-08 17:00:00,38,23,0.0,11.6,7,73,08:21 PM,07:19 AM,05:38 AM,05:57 PM,16,37,37,36,23,10,31,0.0,1007,36,10,104,20,Managua
2023-04-08 18:00:00,38,23,0.0,11.6,7,73,08:21 PM,07:19 AM,05:38 AM,05:57 PM,16,32,32,32,24,18,38,0.0,1008,32,10,108,16,Managua
2023-04-08 19:00:00,38,23,0.0,11.6,7,73,08:21 PM,07:19 AM,05:38 AM,05:57 PM,17,30,30,29,21,19,48,0.0,1009,29,10,135,13,Managua
2023-04-08 20:00:00,38,23,0.0,11.6,7,73,08:21 PM,07:19 AM,05:38 AM,05:57 PM,18,30,30,29,20,15,51,0.0,1010,29,10,120,13,Managua
2023-04-08 21:00:00,38,23,0.0,11.6,7,73,08:21 PM,07:19 AM,05:38 AM,05:57 PM,19,29,29,28,27,8,56,0.0,1011,28,10,123,21,Managua
2023-04-08 22:00:00,38,23,0.0,11.6,7,73,08:21 PM,07:19 AM,05:38 AM,05:57 PM,19,28,28,27,25,11,64,0.0,1012,27,10,124,20,Managua
2023-04-08 23:00:00,38,23,0.0,11.6,7,73,08:21 PM,07:19 AM,05:38 AM,05:57 PM,20,28,28,26,24,11,69,0.0,1013,26,10,116,19,Managua
